id,date,borrow_date,return_date,status,type,user_type
1,2024-02-03 01:21:33,2023-08-02 12:39:44,2023-12-03 04:08:26,Pending Approval,Book,Staff
2,2024-01-16 02:38:47,2023-12-13 20:23:09,2023-10-04 15:54:47,Approved,Book,Student
3,2023-09-03 14:56:37,2023-11-25 18:23:37,2023-08-28 23:02:41,Pending Approval,Book,Staff
4,2023-08-08 21:43:09,2023-11-23 12:46:35,2023-09-24 06:05:14,Expired,Book,Student
5,2023-11-26 00:24:20,2023-08-05 07:03:53,2023-09-24 04:06:05,Expired,Book,Faculty
6,2023-11-01 18:01:55,2023-09-16 02:35:09,2023-09-07 15:57:02,Approved,Book,Faculty
7,2023-09-21 18:08:37,2023-12-26 11:20:22,2023-10-18 18:07:56,Expired,Book,Student
8,2024-01-21 15:57:24,2023-10-31 13:57:11,2024-02-07 21:35:39,Completed,Boardgame,Student
9,2023-12-11 06:57:29,2023-08-29 14:44:59,2023-11-26 09:14:28,Completed,Book,Student
10,2023-12-05 03:34:26,2023-09-30 04:22:51,2023-12-28 04:45:50,Approved,Book,Faculty
11,2024-01-30 08:41:04,2023-09-04 20:00:15,2023-09-18 06:14:12,Approved,Book,Faculty
12,2023-11-03 00:59:01,2023-09-10 21:06:16,2023-10-26 16:42:46,Expired,Book,Student
13,2023-12-02 19:23:58,2023-09-20 10:15:00,2023-11-03 14:30:56,Completed,Book,Faculty
14,2023-12-18 19:25:39,2023-08-03 20:35:59,2023-10-05 01:33:36,Approved,Book,Student
15,2024-02-12 01:15:23,2023-09-18 07:02:17,2023-09-26 03:09:50,Reserved,Book,Faculty
16,2024-02-07 19:05:46,2023-09-19 01:39:42,2024-01-05 16:20:41,Completed,Book,Student
17,2023-08-04 06:26:56,2023-10-18 10:04:39,2024-02-12 04:48:25,Reserved,Book,Faculty
18,2023-10-09 08:32:23,2024-01-07 09:03:38,2023-08-11 11:38:17,Reserved,Book,Staff
19,2023-11-21 18:50:00,2023-10-25 03:09:35,2023-10-06 20:43:35,Completed,Boardgame,Faculty
20,2023-09-20 23:02:36,2023-09-13 03:18:25,2023-11-16 18:32:27,Approved,Book,Student
21,2023-12-16 17:24:25,2023-12-02 01:08:03,2023-08-04 13:11:17,Expired,Book,Student
22,2024-02-07 21:27:58,2023-09-25 04:53:06,2023-08-05 14:07:56,Approved,Book,Student
23,2023-11-11 19:15:30,2024-01-11 02:30:24,2024-01-19 10:49:01,Reserved,Book,Faculty
24,2023-10-04 12:24:59,2023-09-18 12:16:07,2023-10-09 18:07:44,Approved,Book,Student
25,2024-01-12 21:03:51,2023-10-11 23:13:56,2023-08-10 15:02:42,Approved,Book,Student
26,2024-01-17 18:49:52,2023-11-17 01:03:49,2023-12-31 11:42:29,Reserved,Boardgame,Student
27,2023-09-06 08:00:26,2023-12-01 16:55:48,2023-11-01 19:42:42,Completed,Book,Staff
28,2023-12-29 15:37:11,2023-09-16 16:57:11,2023-10-23 11:12:47,Reserved,Book,Faculty
29,2023-12-21 01:25:02,2023-12-29 10:19:31,2024-01-01 17:49:45,Pending Approval,Book,Faculty
30,2023-11-30 12:55:24,2023-10-09 17:10:23,2023-10-01 18:30:17,Pending Approval,Book,Staff
31,2023-08-07 18:49:42,2023-11-29 09:47:43,2023-12-05 20:33:08,Reserved,Boardgame,Faculty
32,2024-01-05 23:25:23,2023-11-23 12:37:01,2024-01-31 21:57:25,Approved,Book,Student
33,2023-09-07 19:22:02,2024-01-26 23:44:50,2024-01-30 03:22:42,Completed,Boardgame,Student
34,2023-12-25 18:17:53,2023-11-16 14:48:07,2023-08-24 22:31:24,Cancelled,Boardgame,Faculty
35,2023-09-11 04:58:49,2024-02-06 03:54:05,2024-01-26 11:08:44,Approved,Book,Student
36,2023-10-01 12:23:07,2023-12-27 10:33:18,2023-09-19 14:34:06,Reserved,Book,Student
37,2023-12-20 04:08:39,2023-12-28 20:03:40,2023-08-11 01:04:11,Reserved,Book,Student
38,2023-11-29 00:46:20,2023-09-07 09:10:47,2023-10-06 00:17:14,Completed,Book,Faculty
39,2023-10-25 08:45:14,2023-11-13 01:05:27,2023-11-15 00:45:58,Approved,Boardgame,Student
40,2023-11-11 04:30:20,2024-01-05 22:28:14,2024-02-09 10:28:01,Pending Approval,Book,Faculty
41,2023-10-07 21:36:20,2024-01-24 19:36:15,2023-12-22 15:41:07,Denied,Boardgame,Student
42,2024-02-05 06:12:01,2024-02-01 08:43:15,2023-11-11 15:45:22,Completed,Book,Faculty
43,2023-09-29 13:42:09,2023-11-02 16:04:54,2023-09-22 20:56:52,Completed,Book,Student
44,2024-02-06 18:57:04,2023-09-08 13:06:59,2023-10-08 11:15:37,Approved,Boardgame,Faculty
45,2024-01-17 10:01:30,2023-11-29 12:14:27,2024-01-10 10:32:13,Reserved,Boardgame,Student
46,2023-12-16 22:45:34,2023-10-27 05:19:40,2024-01-18 18:33:18,Completed,Book,Staff
47,2023-09-16 03:25:29,2024-01-11 06:49:39,2023-12-19 03:08:19,Approved,Book,Student
48,2024-01-01 13:07:20,2023-12-24 23:59:39,2023-10-14 12:19:05,Approved,Book,Student
49,2023-12-03 05:34:13,2024-01-12 03:40:18,2023-10-05 04:29:18,Completed,Book,Faculty
50,2023-11-07 00:42:21,2023-11-16 10:44:19,2024-02-13 04:15:40,Completed,Book,Student
51,2023-11-29 04:51:10,2024-01-28 00:06:52,2024-02-07 13:12:55,Pending Approval,Book,Student
52,2023-12-10 14:24:14,2024-02-06 17:09:28,2023-08-23 05:46:35,Pending Approval,Book,Faculty
53,2023-10-18 00:20:22,2023-10-14 02:26:21,2023-11-03 08:43:28,Denied,Book,Staff
54,2023-11-01 08:54:45,2023-08-08 14:52:24,2023-08-02 16:38:16,Approved,Book,Student
55,2024-01-13 08:49:23,2023-09-05 15:45:21,2024-02-16 20:42:42,Reserved,Book,Faculty
56,2023-09-19 19:19:40,2023-10-08 04:45:54,2023-09-09 09:39:26,Expired,Book,Student
57,2023-11-29 08:52:47,2024-01-11 23:23:34,2023-10-27 10:17:11,Reserved,Boardgame,Faculty
58,2023-11-29 08:29:49,2023-09-02 09:50:22,2023-08-21 06:45:06,Completed,Boardgame,Student
59,2024-01-07 10:23:51,2023-08-15 18:32:59,2023-09-02 01:08:59,Approved,Book,Staff
60,2023-11-05 19:21:11,2023-09-30 09:17:40,2024-02-13 07:17:39,Reserved,Book,Faculty
61,2023-09-18 01:25:00,2024-01-27 13:10:35,2024-02-11 02:16:10,Completed,Boardgame,Faculty
62,2023-10-12 13:58:49,2023-08-01 00:51:42,2024-01-19 08:01:37,Completed,Boardgame,Faculty
63,2023-09-07 19:42:26,2023-11-27 07:12:59,2023-09-11 22:58:12,Expired,Boardgame,Student
64,2023-09-19 06:17:20,2024-02-06 16:30:34,2024-01-30 22:16:53,Approved,Book,Student
65,2024-02-05 03:14:48,2023-10-14 02:58:01,2024-01-06 22:55:03,Reserved,Boardgame,Student
66,2023-08-14 00:45:03,2023-11-13 13:53:03,2023-11-06 09:00:39,Approved,Book,Staff
67,2024-01-20 09:55:04,2023-08-28 07:03:50,2023-10-16 12:54:19,Reserved,Book,Faculty
68,2024-01-12 21:45:27,2023-11-02 13:20:17,2023-11-08 02:43:48,Cancelled,Boardgame,Faculty
69,2023-10-22 01:20:15,2023-10-21 21:29:21,2023-12-23 10:28:43,Expired,Book,Staff
70,2023-11-23 11:31:46,2023-09-22 18:20:08,2023-12-22 19:42:02,Completed,Book,Student
71,2024-01-15 04:12:47,2023-10-03 14:13:39,2023-10-26 11:34:13,Pending Approval,Book,Student
72,2023-08-01 01:43:02,2023-11-25 19:57:18,2023-10-01 12:10:39,Pending Approval,Book,Student
73,2023-08-07 13:37:38,2023-08-28 20:56:34,2023-08-22 03:38:16,Completed,Book,Faculty
74,2024-01-30 11:37:52,2023-12-18 21:00:01,2023-12-19 19:18:25,Expired,Book,Faculty
75,2024-02-13 10:30:01,2023-09-10 20:53:01,2024-02-11 10:02:27,Completed,Book,Staff
76,2023-08-06 17:00:38,2023-11-07 23:20:35,2023-09-22 19:30:52,Completed,Boardgame,Student
77,2023-10-11 00:03:41,2023-11-28 10:45:19,2023-10-17 18:13:20,Approved,Book,Student
78,2023-09-12 04:31:34,2023-12-10 23:05:41,2023-09-03 06:06:49,Cancelled,Book,Student
79,2024-02-10 00:38:02,2024-02-13 08:50:46,2024-01-01 05:38:28,Approved,Book,Faculty
80,2023-08-18 12:24:11,2023-12-04 21:06:43,2024-02-04 09:20:15,Completed,Boardgame,Student
81,2023-08-28 22:37:44,2023-11-03 20:18:12,2023-08-31 15:04:59,Completed,Book,Student
82,2023-12-25 14:26:58,2023-09-30 16:13:47,2023-12-28 09:38:52,Approved,Boardgame,Student
83,2023-11-05 21:42:14,2023-10-15 19:43:49,2024-01-26 10:58:57,Cancelled,Book,Student
84,2024-02-06 22:12:25,2023-09-28 05:50:33,2023-10-19 04:24:21,Reserved,Book,Faculty
85,2024-01-27 11:35:56,2023-12-20 10:03:21,2023-08-28 00:47:54,Approved,Book,Student
86,2023-09-10 09:39:49,2023-12-26 20:02:54,2023-08-14 05:25:20,Approved,Book,Student
87,2023-11-10 10:27:53,2023-12-16 12:38:19,2023-10-16 12:31:47,Pending Approval,Boardgame,Student
88,2023-11-14 02:38:10,2023-11-23 11:27:22,2023-11-07 21:11:44,Completed,Book,Student
89,2023-09-28 08:35:05,2023-10-27 18:10:54,2023-10-31 21:47:53,Pending Approval,Book,Staff
90,2023-11-15 09:44:41,2023-08-05 16:52:46,2023-09-11 17:17:37,Denied,Book,Student
91,2023-08-17 02:59:08,2023-10-01 04:08:16,2023-09-15 23:19:32,Expired,Boardgame,Faculty
92,2023-11-04 18:57:37,2023-09-10 13:50:36,2023-10-27 11:33:37,Approved,Book,Faculty
93,2023-10-07 18:35:30,2023-09-22 13:53:11,2023-08-06 23:02:53,Completed,Book,Student
94,2023-08-22 13:11:21,2023-11-13 08:03:31,2023-12-14 05:38:15,Reserved,Boardgame,Student
95,2024-02-02 06:19:39,2023-09-29 14:57:22,2023-10-28 22:51:17,Reserved,Book,Faculty
96,2024-02-17 02:07:22,2023-11-08 13:26:45,2023-10-18 17:19:45,Expired,Book,Student
97,2024-01-28 03:29:12,2023-12-17 19:14:10,2024-01-03 08:40:12,Expired,Book,Faculty
98,2023-12-28 20:48:35,2023-08-24 18:07:35,2023-08-16 01:36:44,Expired,Book,Student
99,2023-12-24 14:09:24,2023-11-07 10:33:10,2024-01-03 06:07:16,Pending Approval,Boardgame,Student
100,2023-09-07 08:02:13,2024-01-24 16:47:48,2023-10-06 14:01:36,Approved,Book,Faculty
101,2024-01-08 05:47:12,2023-10-16 21:37:52,2023-09-26 11:11:45,Approved,Boardgame,Faculty
102,2023-08-10 01:05:43,2023-10-22 01:25:03,2023-11-16 20:48:50,Approved,Book,Student
103,2023-09-25 04:43:40,2023-09-06 04:17:41,2023-11-30 05:28:50,Approved,Book,Faculty
104,2023-10-04 03:05:25,2023-09-21 00:30:46,2023-08-15 18:26:39,Approved,Book,Student
105,2023-09-14 02:32:36,2024-01-10 14:24:31,2023-10-05 17:56:54,Approved,Book,Student
106,2023-08-31 01:02:45,2023-12-16 10:50:09,2023-10-21 05:01:52,Approved,Book,Faculty
107,2023-10-30 00:51:49,2024-02-04 03:30:10,2023-12-21 00:44:16,Reserved,Book,Student
108,2023-09-12 14:08:14,2023-08-04 22:44:19,2023-10-28 09:39:59,Pending Approval,Book,Student
109,2023-11-09 05:24:04,2023-08-31 19:26:22,2023-09-27 20:42:59,Pending Approval,Book,Student
110,2023-11-16 13:13:50,2023-09-07 17:09:04,2023-08-17 10:07:25,Denied,Boardgame,Faculty
111,2024-01-17 10:07:31,2024-01-15 17:17:29,2023-09-06 16:35:34,Pending Approval,Book,Student
112,2023-11-07 09:59:57,2023-09-09 05:07:52,2023-12-23 14:48:00,Expired,Book,Student
113,2023-11-04 00:37:54,2023-09-07 16:44:10,2023-12-07 11:35:35,Approved,Book,Student
114,2023-08-25 23:55:05,2023-11-04 07:00:49,2023-10-04 19:35:32,Completed,Boardgame,Faculty
115,2023-10-12 09:42:30,2023-10-22 00:16:12,2023-12-07 08:24:42,Reserved,Boardgame,Student
116,2023-08-20 22:52:59,2024-01-16 12:29:30,2023-10-23 21:49:59,Cancelled,Book,Student
117,2024-01-26 13:59:47,2024-02-05 23:14:01,2023-09-28 22:02:21,Approved,Book,Student
118,2023-11-17 04:50:21,2023-10-08 10:59:25,2023-08-15 04:26:35,Pending Approval,Book,Faculty
119,2024-01-16 22:35:29,2023-11-02 09:46:54,2023-08-16 05:35:14,Pending Approval,Book,Faculty
120,2023-09-05 05:11:48,2023-11-21 00:30:57,2023-10-25 13:12:10,Approved,Book,Student
121,2023-10-02 20:37:40,2023-11-29 23:55:54,2024-02-17 01:26:27,Denied,Book,Student
122,2023-08-18 23:18:42,2023-10-30 16:40:46,2023-08-06 02:13:42,Completed,Book,Student
123,2024-01-31 04:07:42,2024-01-28 05:27:53,2024-01-15 15:10:03,Reserved,Book,Student
124,2024-02-08 11:12:49,2024-02-17 10:06:53,2023-08-06 13:03:20,Completed,Book,Student
125,2023-08-14 18:42:01,2024-02-16 12:28:26,2023-08-08 20:40:03,Completed,Book,Staff
126,2023-10-29 08:40:37,2023-11-28 17:22:13,2023-10-12 04:39:28,Cancelled,Book,Student
127,2023-09-29 10:46:40,2024-01-16 17:40:51,2023-09-04 05:24:42,Completed,Book,Student
128,2023-08-31 15:15:07,2023-08-19 17:03:40,2024-02-03 02:35:20,Approved,Boardgame,Faculty
129,2023-08-26 03:46:44,2024-01-15 13:26:57,2023-12-12 22:32:15,Expired,Book,Student
130,2023-08-03 06:32:39,2024-02-07 12:58:49,2023-10-10 22:21:13,Approved,Boardgame,Student
131,2023-09-24 06:30:14,2024-01-14 23:21:15,2023-09-04 20:51:25,Completed,Book,Student
132,2023-09-16 20:37:32,2023-08-19 04:10:53,2023-08-01 23:44:51,Pending Approval,Book,Student
133,2023-10-10 23:31:28,2023-11-04 10:51:04,2023-09-03 22:36:55,Approved,Book,Staff
134,2023-12-30 00:17:30,2023-10-10 09:17:55,2023-11-14 00:33:30,Completed,Boardgame,Student
135,2024-01-07 11:44:14,2024-01-09 03:26:02,2024-01-28 00:55:38,Pending Approval,Book,Faculty
136,2023-11-19 23:21:15,2024-01-02 19:43:13,2023-12-03 07:39:55,Reserved,Book,Student
137,2023-08-17 00:02:02,2023-10-19 19:20:32,2023-11-24 05:10:24,Denied,Book,Student
138,2023-09-08 22:52:07,2024-01-07 15:27:54,2023-08-21 21:30:57,Reserved,Boardgame,Student
139,2023-08-22 16:18:38,2024-02-13 03:01:43,2023-09-29 16:53:38,Completed,Book,Faculty
140,2023-12-08 05:48:58,2024-01-19 16:30:46,2024-02-11 15:01:06,Completed,Boardgame,Staff
141,2023-10-07 07:36:37,2024-02-14 16:11:09,2023-08-03 14:22:21,Reserved,Book,Faculty
142,2023-09-14 07:42:51,2024-01-21 02:40:00,2023-09-21 01:27:56,Completed,Boardgame,Student
143,2024-01-23 01:43:36,2023-12-01 12:28:30,2023-11-29 17:57:27,Cancelled,Book,Staff
144,2023-09-08 20:08:02,2023-08-15 19:36:51,2023-09-26 22:16:50,Cancelled,Book,Faculty
145,2023-11-14 02:19:50,2023-09-13 02:26:54,2024-01-28 21:43:56,Completed,Boardgame,Student
146,2023-09-05 14:35:02,2024-01-05 13:52:46,2023-09-10 08:17:44,Completed,Book,Student
147,2023-10-01 07:09:10,2023-11-20 04:51:18,2023-11-13 03:25:44,Cancelled,Book,Staff
148,2023-12-18 19:10:24,2023-08-01 21:23:25,2024-02-14 07:52:08,Pending Approval,Boardgame,Faculty
149,2023-09-06 18:21:37,2023-08-23 01:17:11,2023-11-21 10:15:52,Completed,Book,Student
150,2023-11-21 04:40:32,2023-10-07 20:54:24,2023-08-03 23:26:42,Expired,Book,Staff
151,2023-10-14 19:03:22,2023-08-14 18:29:31,2024-01-08 18:38:39,Reserved,Book,Student
152,2023-12-12 01:32:12,2024-01-30 20:09:39,2024-01-13 15:21:19,Completed,Boardgame,Faculty
153,2023-09-13 17:16:50,2023-08-26 18:56:22,2023-08-20 23:05:31,Reserved,Book,Student
154,2023-10-19 15:22:35,2023-08-24 21:14:57,2023-11-30 21:17:41,Pending Approval,Book,Student
155,2024-01-12 23:31:43,2023-12-22 22:10:28,2023-11-09 09:55:12,Pending Approval,Book,Staff
156,2023-08-28 01:35:18,2023-10-28 04:28:44,2023-09-28 22:45:17,Reserved,Boardgame,Faculty
157,2023-09-25 05:12:18,2024-01-12 23:13:45,2023-11-30 06:04:50,Completed,Book,Student
158,2023-08-18 18:59:58,2024-01-01 05:45:40,2023-09-28 14:19:35,Completed,Book,Faculty
159,2023-08-26 21:50:21,2023-08-03 22:23:25,2024-02-05 12:35:55,Approved,Book,Student
160,2023-12-08 21:34:24,2023-12-18 20:14:05,2024-01-03 01:11:36,Approved,Book,Student
161,2023-08-30 13:05:48,2023-09-30 18:13:01,2023-11-10 12:38:21,Reserved,Book,Staff
162,2023-11-03 20:38:21,2023-11-16 04:27:15,2024-01-18 16:17:14,Completed,Book,Student
163,2023-09-05 20:43:38,2024-01-04 22:19:05,2023-09-13 00:59:44,Approved,Boardgame,Faculty
164,2023-11-06 14:49:39,2023-11-05 19:58:02,2023-09-15 22:17:23,Approved,Book,Student
165,2023-09-18 10:43:22,2024-02-10 01:08:03,2023-08-15 11:33:25,Reserved,Boardgame,Student
166,2023-08-14 05:53:51,2023-12-29 07:53:19,2023-11-07 07:20:34,Expired,Book,Staff
167,2024-01-16 19:59:09,2023-10-10 16:03:59,2024-02-07 19:36:08,Reserved,Boardgame,Student
168,2023-11-23 20:31:11,2023-08-13 10:44:55,2023-11-28 01:32:01,Reserved,Book,Staff
169,2023-08-12 11:52:15,2023-08-15 14:12:36,2023-12-26 00:14:03,Denied,Book,Student
170,2023-10-12 04:15:29,2024-01-16 04:39:58,2023-08-24 10:58:09,Expired,Book,Student
171,2023-11-05 22:47:00,2023-08-09 14:58:31,2024-02-03 20:27:25,Approved,Boardgame,Student
172,2023-10-05 03:02:15,2023-12-18 09:57:33,2023-10-06 21:50:35,Reserved,Book,Staff
173,2023-08-09 10:28:45,2024-01-20 08:09:44,2023-08-13 22:46:39,Approved,Boardgame,Faculty
174,2023-08-11 00:40:06,2023-08-06 09:58:32,2023-12-16 20:25:00,Pending Approval,Boardgame,Student
175,2023-11-06 01:53:59,2023-11-27 02:43:40,2023-08-22 00:56:13,Completed,Book,Student
176,2023-11-22 01:58:33,2024-02-06 01:07:14,2023-11-16 21:19:03,Reserved,Book,Faculty
177,2024-01-13 21:26:44,2024-02-11 14:39:28,2023-10-05 01:00:51,Approved,Book,Faculty
178,2024-01-08 08:19:30,2023-11-15 02:39:21,2023-08-27 04:05:41,Completed,Book,Student
179,2023-11-02 15:07:54,2024-01-18 23:39:08,2024-02-14 13:52:35,Pending Approval,Book,Student
180,2023-12-25 11:51:02,2024-01-04 11:10:16,2024-01-14 07:27:28,Approved,Book,Student
181,2023-10-12 23:07:39,2023-11-07 03:18:04,2023-12-27 11:38:17,Completed,Book,Student
182,2023-08-22 20:07:28,2024-02-09 03:21:56,2024-01-03 21:17:25,Completed,Book,Student
183,2023-10-17 15:25:55,2023-12-29 22:37:15,2024-01-17 20:19:27,Approved,Book,Student
184,2023-11-11 18:37:26,2023-08-08 21:01:04,2023-10-16 00:53:50,Approved,Book,Faculty
185,2023-08-07 21:48:09,2024-01-01 04:03:47,2023-10-11 05:38:54,Completed,Book,Student
186,2023-11-04 13:28:08,2023-08-16 20:04:20,2023-08-24 02:10:08,Pending Approval,Book,Student
187,2023-12-07 06:43:03,2023-09-11 10:44:07,2023-08-19 15:02:35,Completed,Book,Student
188,2023-09-22 17:57:51,2024-01-06 18:00:15,2023-09-09 07:30:47,Completed,Book,Staff
189,2023-08-04 01:47:03,2023-08-31 11:35:23,2024-02-12 00:28:10,Completed,Book,Student
190,2023-12-10 01:04:06,2023-08-27 22:59:44,2023-11-17 05:30:53,Approved,Boardgame,Student
191,2024-01-26 12:33:56,2024-01-31 00:26:10,2023-08-06 23:04:36,Pending Approval,Boardgame,Staff
192,2023-08-06 08:53:37,2024-02-16 05:58:22,2023-10-17 09:58:47,Denied,Book,Student
193,2023-11-15 03:31:28,2023-10-19 00:51:25,2024-02-13 06:47:20,Cancelled,Boardgame,Student
194,2023-11-14 16:04:17,2023-11-27 17:49:52,2024-01-04 17:18:02,Completed,Book,Faculty
195,2023-09-06 04:07:37,2023-12-10 07:21:10,2023-08-11 07:42:27,Pending Approval,Book,Student
196,2024-01-25 20:44:44,2023-08-28 16:28:37,2024-01-07 06:00:28,Reserved,Book,Student
197,2024-01-04 08:54:00,2023-10-10 21:29:45,2023-09-27 12:24:12,Completed,Book,Student
198,2023-11-01 20:41:24,2024-02-10 13:25:08,2023-10-15 14:09:39,Approved,Boardgame,Student
199,2023-09-28 15:32:46,2023-12-24 00:46:51,2023-11-18 14:50:35,Approved,Book,Student
200,2023-10-11 05:17:06,2024-01-12 11:03:00,2023-10-11 21:17:16,Completed,Book,Student
201,2023-08-15 17:36:59,2023-12-21 05:11:02,2023-11-09 15:57:01,Completed,Book,Student
202,2023-08-29 04:09:32,2023-10-15 22:57:25,2023-11-23 17:57:49,Completed,Book,Student
203,2023-08-10 10:37:38,2024-02-13 21:53:41,2024-01-16 06:04:17,Reserved,Boardgame,Faculty
204,2023-09-08 22:23:22,2023-09-04 11:48:27,2023-08-30 04:18:19,Reserved,Boardgame,Student
205,2023-11-27 03:02:33,2023-08-15 13:18:10,2023-12-22 19:19:23,Reserved,Book,Student
206,2023-09-02 19:36:00,2023-12-14 20:51:05,2023-09-24 19:47:03,Completed,Book,Faculty
207,2023-11-10 16:57:56,2023-11-13 03:11:41,2023-08-21 07:17:16,Expired,Book,Staff
208,2023-08-26 22:54:21,2023-10-20 23:07:29,2024-01-24 19:29:16,Pending Approval,Book,Staff
209,2023-11-06 16:11:26,2023-10-17 22:56:46,2023-09-25 02:39:00,Approved,Boardgame,Student
210,2023-12-10 23:09:19,2023-09-16 21:46:51,2023-09-02 23:21:27,Expired,Book,Student
211,2023-12-24 10:29:16,2023-08-10 09:52:35,2023-09-15 21:53:45,Completed,Book,Staff
212,2024-02-04 12:32:05,2023-09-01 21:33:48,2023-11-01 21:02:30,Pending Approval,Boardgame,Student
213,2023-11-05 00:11:59,2023-12-24 05:48:06,2023-12-02 20:12:48,Reserved,Book,Student
214,2024-02-17 08:11:48,2023-10-25 13:22:04,2023-08-21 19:07:12,Approved,Book,Student
215,2023-11-07 20:52:07,2023-10-29 17:10:44,2023-08-18 12:16:11,Expired,Boardgame,Staff
216,2024-01-07 20:46:25,2023-08-11 13:36:18,2024-02-01 03:34:47,Reserved,Book,Faculty
217,2024-01-16 02:02:16,2023-09-09 09:59:37,2024-02-11 12:37:54,Reserved,Book,Student
218,2023-12-17 09:50:37,2023-09-17 22:03:26,2023-10-17 05:02:09,Denied,Book,Faculty
219,2023-10-22 05:28:15,2023-08-12 18:05:03,2023-10-15 18:48:28,Completed,Book,Staff
220,2024-01-20 13:08:56,2023-10-21 16:54:38,2024-02-10 14:26:54,Completed,Book,Student
221,2023-08-09 03:37:34,2023-12-19 16:01:42,2023-11-22 14:45:20,Pending Approval,Boardgame,Student
222,2023-08-27 22:41:12,2023-10-20 22:32:33,2023-10-10 13:24:28,Completed,Book,Faculty
223,2023-10-28 05:02:37,2023-08-03 03:31:12,2024-01-25 04:56:07,Completed,Boardgame,Faculty
224,2023-10-05 20:32:59,2024-01-11 15:20:30,2023-09-10 00:22:58,Completed,Book,Student
225,2023-11-30 11:41:19,2023-11-03 01:26:20,2023-09-30 17:16:39,Pending Approval,Book,Student
226,2023-09-30 05:18:33,2023-11-08 08:26:28,2023-09-06 22:33:53,Reserved,Book,Student
227,2023-10-13 22:41:54,2023-08-19 00:49:23,2023-10-25 07:01:58,Pending Approval,Boardgame,Student
228,2023-08-05 01:58:51,2023-10-27 16:47:24,2023-10-11 06:00:03,Completed,Book,Faculty
229,2024-02-02 11:59:33,2023-09-19 01:00:23,2023-09-26 04:43:22,Completed,Book,Student
230,2024-02-16 14:26:09,2023-08-05 20:43:40,2023-10-19 00:37:52,Approved,Book,Student
231,2023-09-20 14:06:44,2023-09-16 13:20:33,2023-10-29 21:00:12,Reserved,Book,Student
232,2023-10-06 22:56:59,2023-08-07 19:38:54,2023-08-26 23:17:07,Cancelled,Boardgame,Staff
233,2023-08-31 23:04:50,2023-12-29 16:57:40,2023-11-16 10:03:48,Completed,Boardgame,Staff
234,2023-12-21 09:41:12,2023-11-28 16:28:34,2023-08-26 22:09:29,Approved,Boardgame,Staff
235,2023-11-10 22:28:51,2024-01-02 06:32:03,2023-12-20 21:25:06,Expired,Book,Student
236,2024-01-04 17:09:48,2024-01-06 21:12:32,2024-01-29 07:11:35,Completed,Boardgame,Student
237,2023-10-11 06:52:16,2023-10-05 00:23:58,2023-09-18 23:21:25,Completed,Boardgame,Student
238,2023-09-29 20:43:34,2023-08-04 20:27:10,2024-02-01 11:28:15,Completed,Book,Staff
239,2023-12-14 18:37:46,2024-01-07 02:12:46,2023-11-19 11:47:29,Completed,Book,Student
240,2023-09-05 03:31:35,2023-12-28 04:45:45,2023-09-17 21:15:50,Approved,Book,Staff
241,2023-11-02 18:30:44,2024-01-23 19:54:31,2023-08-14 08:51:23,Reserved,Book,Student
242,2023-11-26 08:26:55,2024-01-19 21:10:46,2023-12-05 05:11:48,Approved,Book,Student
243,2023-12-15 18:49:15,2023-09-24 14:04:28,2024-02-17 02:18:11,Approved,Book,Student
244,2024-02-11 15:16:49,2023-12-30 18:14:17,2023-10-18 21:52:22,Completed,Boardgame,Faculty
245,2023-11-28 18:14:25,2023-10-23 02:25:52,2023-09-22 00:20:21,Reserved,Boardgame,Student
246,2023-11-03 17:40:36,2023-09-08 05:47:14,2023-12-06 16:00:16,Pending Approval,Book,Student
247,2023-12-13 18:28:08,2023-12-16 22:19:23,2023-10-11 22:08:37,Cancelled,Book,Staff
248,2023-08-31 03:47:52,2023-12-08 01:42:22,2023-09-01 01:33:27,Completed,Book,Faculty
249,2024-02-14 10:34:56,2024-02-02 03:49:03,2024-02-07 22:35:39,Completed,Book,Student
250,2023-12-24 07:58:31,2023-11-10 01:14:03,2023-08-14 18:45:07,Approved,Book,Faculty
251,2023-09-12 22:21:09,2024-01-24 07:19:12,2023-09-08 21:20:28,Completed,Book,Student
252,2023-12-10 04:34:28,2023-11-11 18:54:51,2023-08-27 03:21:48,Approved,Book,Student
253,2023-10-31 02:23:28,2023-08-24 23:53:43,2023-11-11 15:06:47,Completed,Book,Staff
254,2024-02-11 18:10:08,2023-10-04 03:26:20,2023-08-01 00:50:51,Completed,Book,Student
255,2023-09-17 02:51:52,2023-12-11 19:20:29,2023-08-31 17:29:48,Completed,Book,Staff
256,2023-11-14 01:54:23,2024-02-11 00:29:31,2023-11-12 07:47:34,Pending Approval,Book,Faculty
257,2023-08-06 10:45:53,2024-01-23 06:06:19,2023-09-18 10:16:08,Pending Approval,Book,Faculty
258,2024-01-03 20:40:44,2023-08-29 23:58:43,2023-12-10 16:55:31,Completed,Boardgame,Student
259,2023-08-16 15:12:20,2024-01-31 00:28:46,2023-09-07 12:39:32,Completed,Boardgame,Student
260,2023-11-24 16:13:12,2023-11-14 22:23:34,2024-01-27 19:01:38,Approved,Book,Student
261,2024-01-13 22:53:21,2023-10-31 04:25:20,2023-10-03 01:16:10,Approved,Book,Student
262,2023-11-09 06:23:04,2023-12-31 09:40:55,2024-01-02 08:57:42,Pending Approval,Boardgame,Student
263,2023-11-21 16:01:34,2023-08-29 12:45:10,2023-09-22 02:04:12,Completed,Book,Student
264,2024-01-18 16:33:57,2024-01-26 02:22:43,2023-12-03 18:23:10,Completed,Book,Faculty
265,2023-11-23 00:04:13,2024-01-29 03:12:44,2023-11-23 20:22:07,Approved,Boardgame,Faculty
266,2023-11-03 04:11:52,2023-08-12 03:29:51,2024-02-05 12:16:24,Approved,Book,Staff
267,2023-11-25 01:06:53,2023-12-11 11:07:09,2023-08-10 10:20:10,Denied,Book,Student
268,2023-12-08 21:25:38,2023-08-29 02:21:16,2023-12-16 17:05:49,Pending Approval,Boardgame,Faculty
269,2024-01-19 05:24:25,2023-09-11 03:54:56,2023-12-17 16:37:39,Completed,Book,Student
270,2023-11-18 15:29:36,2023-09-04 23:52:42,2023-10-06 14:03:08,Completed,Book,Student
271,2023-08-21 23:02:37,2023-08-26 01:39:39,2024-01-28 09:50:13,Approved,Book,Student
272,2024-01-03 08:23:44,2023-12-16 21:42:16,2023-09-21 06:22:23,Reserved,Book,Student
273,2023-11-11 15:39:04,2023-11-06 14:13:36,2023-11-29 17:34:40,Completed,Book,Student
274,2024-02-06 23:47:47,2023-10-10 00:08:30,2023-10-31 17:52:33,Reserved,Book,Student
275,2023-11-05 21:12:48,2023-09-08 13:37:15,2023-09-04 19:42:36,Approved,Boardgame,Student
276,2023-11-28 11:36:22,2023-08-10 03:00:50,2023-08-13 05:45:30,Denied,Book,Student
277,2024-01-15 04:00:42,2023-10-14 03:09:01,2023-11-28 07:11:46,Completed,Boardgame,Faculty
278,2024-01-23 23:20:08,2023-10-26 05:58:32,2024-02-06 11:10:12,Completed,Book,Faculty
279,2023-11-03 19:18:04,2023-12-02 12:26:07,2023-11-09 20:40:32,Pending Approval,Boardgame,Faculty
280,2024-01-28 12:19:43,2023-11-28 16:18:08,2023-12-16 04:10:51,Pending Approval,Book,Faculty
281,2024-01-12 00:03:45,2023-10-10 17:08:03,2024-01-27 21:34:46,Completed,Book,Student
282,2024-01-19 13:39:42,2023-10-31 18:36:33,2024-01-20 01:03:33,Approved,Book,Student
283,2023-11-10 13:26:02,2024-01-18 16:46:26,2023-11-19 14:44:51,Reserved,Book,Student
284,2023-12-29 14:33:16,2023-08-11 22:27:07,2023-08-11 17:17:39,Pending Approval,Boardgame,Student
285,2023-08-11 01:52:56,2023-08-09 15:39:33,2023-09-27 00:40:13,Pending Approval,Book,Faculty
286,2023-11-04 04:04:56,2023-09-18 02:29:58,2023-12-26 19:59:20,Reserved,Book,Student
287,2023-09-17 17:01:30,2023-11-25 11:57:43,2023-12-09 09:40:38,Pending Approval,Boardgame,Staff
288,2023-10-09 21:18:04,2023-08-21 19:51:33,2023-08-12 10:07:24,Reserved,Book,Faculty
289,2023-12-30 20:19:56,2023-11-17 04:15:13,2023-09-26 19:34:52,Denied,Boardgame,Student
290,2024-01-03 11:02:44,2023-08-16 17:51:39,2023-08-24 17:42:48,Completed,Book,Staff
291,2023-08-08 14:23:47,2023-12-04 12:58:33,2023-10-13 12:21:45,Pending Approval,Book,Student
292,2023-09-21 23:31:13,2023-08-04 02:32:04,2023-12-31 03:15:11,Completed,Book,Student
293,2023-10-09 23:13:20,2024-01-20 15:13:22,2024-01-07 17:52:26,Completed,Book,Faculty
294,2024-01-13 09:11:14,2023-11-27 12:43:15,2023-12-25 12:45:05,Approved,Boardgame,Student
295,2023-11-18 20:06:09,2023-12-21 19:22:12,2023-11-17 20:48:39,Approved,Book,Student
296,2023-12-10 00:23:28,2024-01-24 02:26:10,2023-10-30 20:31:46,Pending Approval,Book,Faculty
297,2024-01-09 15:51:14,2023-09-08 09:56:27,2023-11-22 10:22:21,Expired,Book,Student
298,2023-09-20 16:02:16,2023-10-02 22:31:27,2024-02-07 20:04:28,Pending Approval,Book,Student
299,2023-10-17 21:17:59,2023-10-17 14:10:28,2024-01-23 03:58:02,Cancelled,Book,Student
300,2023-12-13 03:54:21,2023-12-10 08:07:59,2023-08-31 01:08:41,Reserved,Book,Student
301,2023-12-01 12:43:34,2023-12-21 13:18:34,2023-10-06 04:33:27,Reserved,Book,Student
302,2023-11-13 05:24:22,2023-09-02 04:02:12,2024-02-16 03:36:28,Approved,Boardgame,Faculty
303,2023-10-21 01:31:18,2023-08-05 02:51:36,2023-12-02 14:23:37,Completed,Boardgame,Student
304,2023-08-26 17:09:49,2023-11-20 00:05:09,2024-02-06 13:40:03,Approved,Book,Faculty
305,2023-09-23 18:11:54,2023-08-13 22:45:52,2023-12-26 17:02:16,Pending Approval,Book,Student
306,2024-02-15 18:21:26,2023-11-16 06:52:46,2023-08-10 21:27:20,Pending Approval,Book,Student
307,2023-09-10 22:31:45,2023-12-27 02:22:47,2024-01-22 00:35:00,Approved,Boardgame,Student
308,2023-10-17 23:55:37,2023-09-14 00:08:57,2023-10-19 17:54:54,Pending Approval,Book,Student
309,2023-09-05 11:21:28,2024-01-17 12:48:27,2024-01-25 07:11:49,Denied,Book,Student
310,2023-12-02 16:15:57,2023-09-03 11:55:21,2024-02-07 11:12:39,Pending Approval,Book,Staff
311,2023-12-11 08:19:14,2024-02-07 19:48:46,2023-12-19 08:28:33,Denied,Book,Student
312,2023-10-31 02:27:21,2023-11-12 23:00:20,2023-11-27 16:38:31,Approved,Book,Faculty
313,2023-09-03 18:27:48,2023-09-23 11:28:04,2023-11-26 02:30:43,Reserved,Book,Student
314,2023-08-25 06:59:51,2023-10-10 06:24:48,2023-08-13 05:04:09,Completed,Book,Staff
315,2023-10-23 03:22:35,2024-02-04 06:03:07,2023-08-31 14:51:25,Approved,Book,Staff
316,2024-01-04 08:47:33,2023-11-11 00:34:28,2023-09-21 22:19:03,Reserved,Boardgame,Student
317,2024-01-26 19:13:00,2023-10-01 12:11:08,2023-11-16 16:11:56,Denied,Book,Student
318,2023-08-10 12:04:45,2024-01-08 00:05:50,2023-12-28 17:14:43,Completed,Book,Faculty
319,2023-10-11 03:43:36,2023-12-02 11:54:17,2023-11-08 02:15:35,Reserved,Book,Student
320,2023-10-21 02:49:49,2023-11-24 04:51:16,2024-02-05 05:53:43,Completed,Book,Student
321,2023-12-25 08:40:03,2023-08-18 01:56:22,2023-12-21 00:45:36,Completed,Boardgame,Staff
322,2023-10-31 14:22:08,2023-09-03 19:18:08,2023-08-02 07:40:49,Completed,Book,Student
323,2023-10-04 01:42:11,2023-10-23 18:51:40,2023-08-10 11:17:41,Completed,Book,Student
324,2023-10-14 09:15:37,2024-01-30 12:35:26,2023-08-08 12:09:39,Completed,Book,Staff
325,2023-08-08 17:40:21,2023-10-10 02:53:12,2023-09-06 08:02:41,Approved,Boardgame,Student
326,2023-12-17 17:24:30,2023-09-15 22:39:27,2023-11-11 11:46:42,Reserved,Book,Student
327,2023-12-29 11:36:34,2023-08-02 04:34:17,2023-09-28 23:18:00,Completed,Book,Student
328,2023-11-29 19:06:55,2024-02-11 18:48:14,2024-01-16 02:19:54,Expired,Book,Faculty
329,2024-01-11 16:34:09,2023-08-23 04:19:49,2023-12-17 13:15:53,Expired,Book,Student
330,2023-08-29 21:46:56,2024-01-26 01:20:42,2023-12-09 12:36:15,Expired,Book,Student
331,2024-02-08 05:09:35,2024-01-06 20:51:33,2024-01-10 12:29:41,Reserved,Boardgame,Student
332,2023-10-21 07:25:16,2024-02-05 22:02:58,2023-11-01 01:42:20,Pending Approval,Book,Student
333,2023-12-30 19:54:57,2023-09-24 10:09:48,2024-01-04 20:47:00,Expired,Boardgame,Student
334,2023-12-09 05:25:09,2023-12-22 14:52:36,2023-12-27 14:46:57,Completed,Book,Student
335,2023-12-05 18:57:08,2024-01-05 04:52:12,2024-01-24 17:00:50,Pending Approval,Boardgame,Student
336,2023-08-08 13:00:25,2023-09-14 23:37:32,2023-11-26 21:02:21,Approved,Book,Student
337,2024-01-03 16:31:29,2024-02-05 09:09:02,2023-08-14 13:41:44,Approved,Book,Faculty
338,2023-09-02 06:19:58,2023-09-01 17:31:44,2024-01-04 07:50:51,Approved,Book,Student
339,2024-01-08 17:29:49,2023-11-26 17:55:15,2023-12-20 05:15:33,Pending Approval,Book,Student
340,2023-09-21 06:26:01,2023-09-06 19:56:04,2023-10-19 18:45:38,Reserved,Boardgame,Student
341,2024-01-22 14:59:48,2023-09-18 03:50:41,2023-08-30 16:28:21,Completed,Boardgame,Faculty
342,2023-10-12 19:53:46,2024-01-15 03:45:13,2024-01-17 12:10:45,Pending Approval,Book,Student
343,2024-02-05 17:37:38,2023-12-24 07:25:37,2023-11-09 23:08:26,Completed,Book,Student
344,2023-11-26 15:52:03,2024-01-06 14:30:20,2023-08-23 20:17:51,Pending Approval,Boardgame,Student
345,2023-12-08 23:19:59,2023-10-18 07:43:20,2024-01-23 09:44:13,Approved,Book,Faculty
346,2023-12-06 03:10:31,2023-10-30 12:47:39,2024-01-13 04:54:37,Expired,Boardgame,Faculty
347,2024-01-29 10:53:25,2024-02-01 07:25:55,2023-10-22 15:02:24,Expired,Book,Student
348,2023-10-18 02:16:00,2023-12-11 21:26:14,2023-09-11 21:17:13,Reserved,Boardgame,Student
349,2023-08-07 09:21:01,2023-11-01 08:17:23,2024-01-08 10:16:40,Reserved,Book,Student
350,2023-09-27 13:25:44,2023-11-28 19:05:05,2023-11-18 22:17:30,Reserved,Book,Faculty
351,2023-08-19 22:11:02,2023-11-03 15:25:34,2023-10-28 22:09:21,Pending Approval,Book,Student
352,2024-02-17 03:07:26,2023-11-09 12:27:23,2023-12-30 21:25:55,Pending Approval,Boardgame,Student
353,2023-08-09 17:23:19,2023-08-13 13:26:21,2023-10-28 22:47:31,Pending Approval,Book,Faculty
354,2024-01-25 00:01:31,2023-09-10 17:33:57,2023-09-16 11:12:49,Completed,Book,Student
355,2024-01-28 03:57:44,2024-01-19 12:21:59,2024-01-21 17:36:08,Pending Approval,Book,Faculty
356,2023-08-16 19:40:58,2024-01-23 09:22:42,2023-08-19 00:46:54,Completed,Book,Faculty
357,2023-10-21 19:36:03,2024-01-24 20:22:40,2024-01-19 05:11:54,Reserved,Book,Faculty
358,2023-09-13 08:22:40,2023-08-25 05:05:35,2023-12-25 14:10:00,Pending Approval,Boardgame,Student
359,2023-09-01 22:46:21,2023-12-26 08:16:40,2023-11-04 21:24:03,Pending Approval,Book,Student
360,2023-08-20 19:11:07,2023-08-03 18:52:48,2023-09-11 14:44:59,Expired,Book,Student
361,2023-11-10 11:45:32,2023-08-13 02:28:33,2023-11-24 02:56:14,Completed,Book,Student
362,2023-09-04 23:37:45,2024-01-20 23:41:20,2023-08-23 08:06:42,Approved,Book,Student
363,2024-01-10 08:54:39,2024-01-30 05:30:45,2023-09-28 20:04:22,Approved,Book,Staff
364,2023-09-14 22:40:31,2023-11-05 01:57:38,2023-10-04 00:10:42,Completed,Book,Student
365,2023-08-04 03:20:52,2023-08-04 22:31:14,2023-12-12 00:18:04,Pending Approval,Book,Student
366,2024-01-03 06:42:42,2023-09-19 15:22:49,2023-10-19 12:27:29,Reserved,Book,Student
367,2023-08-11 11:09:17,2023-09-04 03:50:56,2024-02-09 00:54:52,Reserved,Book,Student
368,2023-08-15 10:33:43,2023-10-15 09:28:30,2023-08-17 12:26:40,Completed,Book,Student
369,2023-09-10 06:12:50,2024-01-28 08:03:20,2024-01-01 18:31:09,Approved,Boardgame,Student
370,2023-08-06 20:26:06,2023-12-05 02:51:14,2024-02-10 06:23:57,Pending Approval,Book,Faculty
371,2023-11-22 08:52:29,2023-08-17 18:29:24,2023-12-17 07:12:02,Reserved,Boardgame,Student
372,2023-11-29 00:27:49,2024-01-21 17:33:44,2023-09-22 06:16:44,Reserved,Book,Student
373,2023-09-18 02:00:40,2023-12-03 02:27:06,2024-02-09 19:33:48,Completed,Book,Faculty
374,2023-12-03 22:29:13,2023-12-26 04:26:55,2023-12-02 21:49:32,Reserved,Book,Faculty
375,2023-08-12 05:56:05,2024-02-09 21:25:09,2023-12-28 22:40:10,Pending Approval,Boardgame,Faculty
376,2023-10-08 12:39:24,2024-02-05 19:00:08,2023-11-09 17:26:36,Approved,Book,Student
377,2023-09-20 16:04:47,2023-10-11 19:03:49,2023-12-20 22:44:03,Expired,Book,Student
378,2023-09-16 03:26:05,2023-11-01 18:08:59,2023-12-15 02:59:03,Completed,Book,Student
379,2024-02-10 05:43:33,2023-10-03 22:57:23,2023-11-01 23:06:28,Approved,Book,Student
380,2023-10-16 22:54:26,2023-08-09 10:38:34,2023-11-29 03:30:44,Denied,Boardgame,Student
381,2024-01-11 00:07:23,2023-08-20 14:22:28,2024-02-10 18:24:18,Reserved,Book,Student
382,2023-12-25 15:54:57,2023-12-18 11:18:38,2023-10-25 03:38:09,Reserved,Book,Faculty
383,2023-12-29 20:31:49,2023-10-09 01:50:39,2023-11-19 22:36:19,Approved,Book,Student
384,2023-10-05 17:13:02,2023-12-15 19:26:45,2023-09-28 22:04:03,Completed,Book,Faculty
385,2023-08-05 19:54:35,2023-10-29 08:00:47,2024-02-05 11:53:02,Completed,Boardgame,Faculty
386,2023-11-04 03:54:50,2023-11-27 03:44:53,2023-11-11 21:54:05,Approved,Book,Student
387,2023-08-25 21:21:25,2023-12-10 14:12:12,2023-12-09 08:28:59,Completed,Boardgame,Student
388,2023-11-01 17:17:37,2023-12-13 13:18:09,2023-08-25 14:20:47,Cancelled,Book,Student
389,2023-09-06 16:23:40,2023-09-09 13:36:45,2023-11-02 20:48:43,Cancelled,Book,Student
390,2024-01-16 07:33:35,2023-11-27 06:09:04,2023-09-07 13:37:27,Approved,Book,Staff
391,2023-08-19 05:20:32,2023-11-02 09:53:12,2023-11-17 17:53:59,Completed,Book,Faculty
392,2023-09-16 20:45:13,2024-01-26 05:25:00,2023-12-29 04:50:39,Pending Approval,Boardgame,Student
393,2023-10-09 14:59:56,2023-12-07 15:32:31,2023-12-13 22:28:38,Approved,Boardgame,Student
394,2023-10-01 21:06:38,2023-12-16 11:17:24,2023-09-18 21:51:02,Completed,Boardgame,Faculty
395,2023-11-05 13:48:03,2023-08-24 03:44:59,2024-01-23 02:22:58,Completed,Boardgame,Student
396,2023-09-12 22:30:04,2024-01-21 17:04:41,2023-08-06 10:53:34,Expired,Book,Staff
397,2024-02-10 07:58:58,2024-01-26 18:10:11,2023-12-31 21:00:09,Approved,Book,Student
398,2024-01-12 22:36:13,2023-12-20 00:43:27,2024-01-27 22:37:56,Expired,Boardgame,Student
399,2024-02-04 02:30:54,2023-12-02 22:18:55,2023-09-20 11:37:26,Expired,Book,Student
400,2023-09-24 12:01:31,2023-09-23 14:06:42,2023-08-29 03:10:30,Reserved,Boardgame,Student
401,2023-12-15 01:52:11,2024-02-07 20:53:21,2024-01-31 21:44:23,Completed,Boardgame,Student
402,2023-11-16 15:12:53,2023-08-16 12:21:22,2023-10-08 11:55:14,Pending Approval,Book,Student
403,2024-02-04 02:00:42,2023-10-27 22:47:59,2023-12-15 14:46:07,Approved,Book,Faculty
404,2023-09-27 02:15:45,2024-01-25 23:25:27,2023-08-07 00:33:00,Completed,Book,Student
405,2024-02-13 12:57:26,2023-12-10 11:43:22,2024-01-31 02:16:21,Completed,Book,Student
406,2023-08-19 15:52:11,2024-02-02 08:21:55,2023-08-15 10:07:41,Reserved,Book,Student
407,2023-11-03 12:35:04,2023-12-25 16:58:52,2023-10-15 18:11:50,Denied,Book,Faculty
408,2023-10-02 21:18:48,2023-11-04 01:15:40,2023-08-19 15:44:13,Reserved,Book,Student
409,2023-08-27 03:09:35,2023-09-07 14:23:47,2023-10-09 08:04:16,Expired,Book,Faculty
410,2023-12-20 20:19:21,2023-11-11 15:20:50,2023-11-15 10:09:26,Expired,Book,Student
411,2024-02-02 03:37:22,2023-09-04 19:57:17,2023-09-03 18:50:18,Pending Approval,Book,Student
412,2023-10-15 01:22:31,2023-09-26 02:36:02,2023-12-24 13:30:18,Pending Approval,Boardgame,Student
413,2024-01-11 01:06:42,2024-01-09 08:00:17,2023-10-13 18:37:21,Pending Approval,Book,Faculty
414,2023-09-25 15:48:45,2023-08-27 08:48:45,2023-08-23 01:19:59,Reserved,Book,Student
415,2024-02-16 23:12:06,2023-12-30 13:11:44,2023-08-18 11:50:58,Denied,Book,Student
416,2023-11-08 07:52:07,2024-01-08 14:06:00,2023-09-11 19:55:14,Reserved,Book,Staff
417,2023-11-10 20:39:55,2023-10-18 15:04:44,2023-09-24 20:37:13,Completed,Book,Faculty
418,2023-11-08 11:22:53,2024-01-06 00:00:39,2023-10-30 06:05:48,Completed,Book,Faculty
419,2024-02-07 23:50:45,2023-12-29 09:40:44,2023-11-03 22:46:22,Cancelled,Book,Faculty
420,2023-09-27 18:25:46,2024-01-31 22:30:56,2023-08-07 08:19:42,Completed,Book,Staff
421,2023-12-03 12:43:47,2023-12-18 10:13:05,2024-02-14 14:20:02,Expired,Book,Staff
422,2023-11-05 04:36:06,2024-02-09 07:40:54,2023-10-14 18:27:07,Reserved,Boardgame,Student
423,2023-11-20 11:17:20,2023-08-04 14:09:12,2023-09-30 18:39:58,Denied,Boardgame,Faculty
424,2023-09-23 18:40:36,2023-10-02 00:42:07,2024-02-14 09:35:59,Completed,Book,Student
425,2024-01-20 12:33:44,2023-08-22 02:09:16,2023-10-29 09:33:59,Reserved,Book,Staff
426,2023-08-25 07:51:49,2024-02-10 13:54:16,2023-12-16 23:38:51,Cancelled,Book,Faculty
427,2023-10-22 02:59:47,2023-10-15 03:37:00,2023-10-05 13:34:02,Completed,Boardgame,Student
428,2024-01-20 15:09:39,2023-11-18 07:47:30,2024-02-04 17:36:29,Approved,Book,Student
429,2023-10-17 17:02:21,2023-11-28 23:33:34,2024-01-17 15:09:20,Cancelled,Boardgame,Student
430,2023-11-08 18:27:38,2024-02-13 16:29:58,2023-09-29 16:18:52,Denied,Book,Faculty
431,2024-01-29 15:52:50,2023-10-31 07:18:52,2024-01-11 13:19:36,Pending Approval,Boardgame,Student
432,2023-12-05 09:02:15,2023-09-18 10:53:13,2023-12-12 17:10:53,Pending Approval,Book,Faculty
433,2023-08-17 23:52:16,2024-01-09 21:24:21,2023-09-11 00:28:48,Expired,Boardgame,Faculty
434,2023-11-14 14:13:41,2023-09-11 12:27:21,2024-01-11 20:33:04,Approved,Book,Staff
435,2024-01-17 09:52:53,2023-11-19 01:21:17,2023-09-11 18:10:32,Pending Approval,Book,Faculty
436,2023-12-11 14:52:00,2023-08-05 09:57:44,2023-10-17 07:26:56,Expired,Book,Student
437,2023-10-12 01:01:03,2023-08-05 04:01:57,2023-08-31 07:08:22,Approved,Boardgame,Student
438,2024-02-07 22:15:13,2023-11-05 22:02:42,2023-08-18 08:24:47,Pending Approval,Book,Student
439,2023-08-02 20:24:50,2023-12-01 11:15:10,2023-12-10 01:54:00,Approved,Book,Student
440,2023-09-15 21:14:38,2023-08-02 01:32:17,2023-08-26 00:59:47,Pending Approval,Book,Faculty
441,2023-12-13 16:37:24,2023-11-27 04:52:54,2023-10-23 00:32:32,Completed,Book,Student
442,2023-10-02 06:22:50,2023-11-25 18:05:09,2023-08-27 12:50:34,Expired,Book,Student
443,2024-01-16 16:30:03,2023-09-15 07:29:11,2023-11-04 08:27:23,Cancelled,Boardgame,Student
444,2023-09-08 19:18:06,2023-12-25 17:25:24,2023-08-05 03:29:38,Completed,Book,Student
445,2024-01-24 18:07:27,2023-11-06 01:01:43,2023-08-25 14:32:20,Completed,Book,Faculty
446,2023-12-06 07:27:31,2023-09-12 19:58:30,2023-11-16 15:01:12,Completed,Boardgame,Faculty
447,2023-09-01 09:24:44,2023-10-07 14:03:38,2023-08-25 19:15:45,Approved,Book,Student
448,2023-12-27 11:17:38,2023-09-09 22:19:41,2023-11-06 06:36:09,Pending Approval,Book,Faculty
449,2023-10-29 19:23:35,2023-08-29 12:20:37,2023-11-29 09:53:28,Approved,Boardgame,Student
450,2024-01-21 13:18:17,2023-12-15 22:50:24,2023-12-09 17:33:25,Approved,Book,Student
451,2023-10-07 13:25:05,2023-09-05 16:04:04,2023-08-25 03:47:04,Approved,Boardgame,Student
452,2024-01-09 16:41:28,2023-08-07 08:39:52,2023-09-10 21:35:27,Pending Approval,Book,Student
453,2024-01-28 15:15:39,2023-10-09 09:01:04,2023-08-30 08:02:38,Pending Approval,Boardgame,Student
454,2023-12-06 02:22:15,2023-12-26 05:09:58,2024-01-15 16:00:10,Approved,Book,Staff
455,2023-12-28 13:44:41,2023-08-20 00:15:25,2023-10-16 07:00:59,Approved,Boardgame,Student
456,2024-01-11 09:05:22,2023-11-20 09:35:21,2023-10-01 14:41:03,Approved,Boardgame,Faculty
457,2024-01-02 20:25:07,2023-09-09 01:12:21,2023-12-25 21:11:01,Expired,Book,Student
458,2023-12-04 16:23:10,2024-02-04 08:28:47,2023-08-17 23:59:36,Reserved,Boardgame,Student
459,2024-01-21 02:04:47,2023-12-08 13:38:19,2023-08-11 13:17:38,Pending Approval,Boardgame,Student
460,2023-11-24 06:06:09,2023-11-12 19:10:20,2023-12-09 23:02:12,Expired,Book,Student
461,2024-01-23 08:56:09,2023-08-30 14:20:56,2023-11-24 08:47:50,Pending Approval,Book,Student
462,2024-01-11 17:04:39,2024-01-04 21:43:48,2024-01-07 13:55:32,Approved,Boardgame,Student
463,2024-01-28 03:33:56,2023-09-08 06:34:52,2023-09-14 14:20:55,Completed,Book,Student
464,2023-12-13 17:26:13,2023-11-13 21:24:12,2023-10-13 03:21:41,Reserved,Book,Student
465,2024-01-15 14:00:09,2023-08-23 20:48:42,2023-12-28 18:49:21,Cancelled,Book,Faculty
466,2023-12-11 00:34:14,2023-11-20 21:22:34,2023-09-09 22:46:32,Reserved,Book,Student
467,2024-01-16 23:45:54,2023-12-04 20:39:43,2024-01-11 13:42:16,Approved,Boardgame,Student
468,2024-01-09 18:34:58,2024-01-11 08:35:00,2023-10-17 04:49:34,Pending Approval,Book,Student
469,2023-12-20 22:14:28,2023-10-14 04:25:50,2023-12-15 07:04:13,Completed,Boardgame,Faculty
470,2023-09-14 11:39:00,2024-01-26 03:50:59,2024-02-12 16:18:54,Reserved,Book,Student
471,2023-08-04 19:30:44,2024-02-17 08:18:12,2024-02-14 02:57:11,Completed,Book,Staff
472,2024-01-11 20:22:42,2023-10-24 17:41:41,2023-12-04 06:22:00,Approved,Book,Student
473,2024-01-27 13:36:16,2024-01-09 15:53:05,2023-10-02 03:26:02,Approved,Book,Student
474,2023-11-12 04:39:31,2023-09-15 23:41:46,2023-08-07 06:25:22,Completed,Boardgame,Student
475,2023-08-13 08:45:35,2023-10-19 19:37:24,2023-10-09 00:31:56,Approved,Book,Student
476,2023-10-17 06:11:01,2023-08-16 08:24:38,2023-11-02 20:09:24,Completed,Boardgame,Staff
477,2024-01-13 22:36:12,2024-02-12 08:06:10,2023-12-29 02:41:49,Pending Approval,Book,Student
478,2023-08-25 11:29:56,2023-12-24 01:35:15,2023-08-08 08:28:44,Approved,Book,Student
479,2024-01-25 18:35:04,2024-01-21 08:25:38,2023-12-28 02:07:27,Pending Approval,Book,Student
480,2024-02-14 22:17:06,2023-09-24 09:14:28,2023-10-03 00:55:59,Approved,Boardgame,Faculty
481,2024-02-05 01:07:53,2023-08-08 19:25:57,2023-08-07 20:00:42,Approved,Book,Student
482,2023-10-22 16:28:36,2023-11-11 17:32:38,2023-12-16 02:30:48,Pending Approval,Book,Staff
483,2023-11-04 13:58:11,2023-11-27 15:56:05,2023-08-10 12:39:33,Expired,Book,Staff
484,2023-08-27 02:41:42,2024-02-17 22:36:38,2024-01-13 02:24:21,Expired,Book,Faculty
485,2024-01-02 00:07:18,2024-02-04 23:17:39,2023-12-12 18:56:12,Completed,Boardgame,Student
486,2023-10-28 11:31:28,2023-08-24 06:21:50,2024-02-05 21:23:27,Reserved,Book,Faculty
487,2024-01-16 14:38:25,2023-10-14 05:18:18,2024-01-09 13:51:14,Pending Approval,Boardgame,Student
488,2023-10-14 07:38:16,2023-11-13 17:32:18,2023-10-23 04:49:51,Reserved,Book,Staff
489,2023-09-24 01:57:54,2023-10-09 13:27:58,2023-11-08 11:56:33,Pending Approval,Book,Student
490,2023-12-26 10:59:01,2023-12-22 14:52:44,2023-08-31 13:12:47,Approved,Book,Student
491,2023-10-03 03:51:01,2023-08-11 01:07:05,2023-11-10 07:16:35,Expired,Book,Student
492,2024-02-02 04:28:18,2023-08-03 03:41:47,2023-09-12 02:12:33,Expired,Book,Student
493,2023-08-20 08:24:33,2024-02-06 14:04:36,2024-02-16 17:04:33,Approved,Book,Student
494,2024-01-28 22:23:25,2023-12-12 20:05:19,2023-08-07 07:21:36,Reserved,Book,Faculty
495,2023-11-21 22:42:20,2023-12-08 02:32:51,2024-01-08 23:08:19,Pending Approval,Book,Student
496,2023-08-23 18:30:57,2024-01-24 06:00:34,2023-09-04 12:32:34,Reserved,Book,Student
497,2023-11-06 08:31:59,2023-09-03 18:39:17,2024-02-06 07:08:03,Pending Approval,Boardgame,Student
498,2023-12-28 19:57:23,2024-01-08 04:01:39,2023-10-27 18:54:05,Approved,Book,Student
499,2023-10-30 08:24:56,2023-12-14 01:12:56,2023-12-11 12:15:27,Approved,Book,Faculty
500,2023-09-11 19:24:49,2024-01-05 00:57:54,2024-01-09 11:12:18,Approved,Book,Student
501,2024-02-04 07:29:38,2024-02-03 15:52:51,2023-11-16 14:30:44,Pending Approval,Book,Student
502,2023-10-03 12:45:36,2023-09-04 11:32:11,2024-01-20 10:49:08,Expired,Book,Faculty
503,2023-12-04 15:06:40,2023-08-30 10:59:37,2023-09-28 13:36:50,Completed,Book,Staff
504,2023-11-16 15:32:58,2023-10-11 03:58:19,2024-01-13 07:42:40,Completed,Book,Student
505,2023-10-23 13:04:05,2023-10-28 02:09:37,2023-08-13 14:28:53,Denied,Boardgame,Student
506,2023-09-25 12:20:14,2023-10-03 20:16:45,2023-08-06 20:57:52,Completed,Book,Student
507,2023-08-29 08:21:02,2023-12-11 08:46:28,2024-01-12 07:43:52,Pending Approval,Book,Student
508,2024-01-29 05:12:38,2023-12-26 05:42:03,2023-09-20 19:49:14,Pending Approval,Book,Faculty
509,2023-10-29 21:28:19,2023-11-20 09:22:04,2023-09-19 20:16:52,Completed,Book,Faculty
510,2023-11-19 11:42:42,2023-09-04 17:16:40,2024-02-10 22:55:25,Completed,Book,Student
511,2024-02-06 10:25:56,2023-09-18 06:41:57,2023-10-25 23:11:02,Expired,Boardgame,Student
512,2023-11-30 02:53:54,2023-11-11 21:42:24,2024-02-11 18:56:13,Pending Approval,Boardgame,Student
513,2023-09-13 16:38:08,2023-10-04 03:43:39,2023-12-05 21:41:07,Reserved,Book,Faculty
514,2024-02-01 20:52:14,2023-10-13 03:56:41,2023-12-27 05:24:39,Reserved,Book,Faculty
515,2024-01-02 19:08:25,2023-08-14 21:44:38,2023-12-20 12:40:55,Reserved,Book,Student
516,2023-08-07 18:39:14,2023-08-11 01:54:33,2023-12-07 10:48:22,Approved,Book,Student
517,2023-12-27 02:34:06,2023-12-12 15:24:44,2023-10-23 04:19:32,Completed,Boardgame,Student
518,2023-08-05 00:50:42,2023-12-13 01:50:30,2023-11-13 17:18:38,Completed,Book,Student
519,2024-01-05 06:55:02,2023-11-17 03:37:48,2023-08-25 19:13:35,Reserved,Boardgame,Student
520,2023-09-19 15:29:02,2023-12-30 12:12:42,2023-09-20 17:05:53,Cancelled,Boardgame,Staff
521,2023-11-28 19:03:08,2023-09-22 16:24:31,2024-01-06 19:43:44,Approved,Book,Student
522,2023-12-30 19:44:02,2024-02-14 23:28:19,2024-02-01 23:30:05,Completed,Book,Faculty
523,2024-01-07 22:00:49,2023-11-19 23:43:53,2023-10-07 21:46:49,Expired,Book,Student
524,2023-11-27 15:08:40,2023-11-26 09:42:03,2024-02-11 00:56:03,Completed,Book,Faculty
525,2023-12-21 07:34:56,2023-12-25 22:26:58,2024-01-13 15:35:37,Pending Approval,Book,Student
526,2023-08-29 02:37:55,2023-12-15 00:39:21,2023-11-15 20:26:50,Completed,Book,Faculty
527,2023-09-06 18:48:25,2023-08-14 03:43:55,2023-10-07 00:47:43,Approved,Book,Student
528,2023-10-01 09:25:26,2023-09-08 19:59:12,2023-09-06 16:09:14,Approved,Book,Student
529,2024-01-12 02:09:19,2024-01-03 18:09:55,2023-09-07 09:10:11,Approved,Boardgame,Student
530,2023-09-18 12:16:48,2024-01-03 15:42:13,2023-12-23 23:53:53,Expired,Boardgame,Student
531,2023-08-01 13:37:28,2023-09-04 15:49:53,2023-12-06 16:45:54,Denied,Boardgame,Student
532,2023-11-16 13:16:22,2023-09-24 21:01:19,2023-10-24 05:06:55,Completed,Boardgame,Faculty
533,2023-11-02 13:57:59,2024-02-10 23:23:31,2023-12-03 03:04:57,Denied,Book,Student
534,2024-02-02 03:20:26,2023-09-10 13:08:47,2023-08-11 10:55:35,Denied,Book,Student
535,2024-02-08 05:43:21,2023-10-02 17:36:14,2023-09-19 12:47:29,Pending Approval,Book,Student
536,2023-09-20 21:50:00,2023-09-23 01:20:20,2024-01-25 15:59:09,Approved,Book,Faculty
537,2023-12-11 14:57:05,2023-08-10 09:07:22,2023-11-30 17:20:54,Approved,Book,Student
538,2023-12-27 23:33:33,2023-11-27 18:27:09,2023-09-01 12:17:47,Pending Approval,Book,Student
539,2023-09-28 01:52:14,2023-10-27 03:43:04,2023-08-11 13:18:44,Reserved,Book,Student
540,2023-11-18 02:53:04,2024-01-15 20:23:23,2024-01-15 05:14:33,Expired,Book,Student
541,2023-09-25 16:45:39,2023-11-22 10:27:28,2023-12-07 00:06:16,Approved,Book,Student
542,2023-11-20 12:41:42,2023-08-01 01:23:13,2023-08-06 07:00:17,Reserved,Boardgame,Staff
543,2024-01-02 23:15:04,2024-01-07 02:05:39,2024-01-01 23:21:10,Expired,Book,Faculty
544,2023-10-18 00:27:10,2023-10-27 06:28:53,2023-11-17 15:27:21,Completed,Book,Student
545,2023-10-09 21:09:34,2024-02-11 10:30:11,2023-12-02 00:14:43,Pending Approval,Book,Faculty
546,2023-08-20 17:58:52,2023-12-31 23:37:46,2024-02-10 23:58:04,Completed,Book,Student
547,2023-08-07 11:47:37,2023-08-12 20:58:56,2023-09-20 10:18:09,Approved,Book,Student
548,2023-10-08 16:06:02,2023-09-25 12:55:14,2024-01-31 19:43:53,Pending Approval,Book,Staff
549,2023-09-21 05:34:04,2023-12-27 01:01:11,2023-08-26 01:07:19,Pending Approval,Book,Student
550,2023-09-06 03:30:11,2023-10-27 12:06:25,2023-11-16 22:47:59,Completed,Book,Student
551,2023-11-04 10:14:40,2023-09-29 15:50:31,2024-01-07 14:23:36,Approved,Book,Student
552,2023-10-16 14:59:23,2024-02-05 15:47:14,2023-11-24 00:50:53,Completed,Book,Student
553,2024-02-16 19:22:06,2024-02-10 06:22:56,2023-10-07 19:41:41,Completed,Book,Student
554,2023-10-05 15:10:17,2024-01-29 10:08:00,2023-09-30 17:14:39,Approved,Book,Faculty
555,2024-01-31 04:36:14,2023-09-20 21:08:23,2023-09-05 07:06:37,Expired,Boardgame,Student
556,2024-01-30 12:43:01,2023-08-24 18:32:29,2023-10-03 09:48:45,Reserved,Book,Student
557,2023-10-31 15:42:02,2023-10-03 06:56:27,2023-09-21 18:25:23,Completed,Book,Student
558,2023-10-16 23:42:47,2023-09-19 16:25:51,2024-01-25 08:04:51,Reserved,Book,Student
559,2023-12-17 21:57:49,2024-01-13 22:19:09,2023-08-09 11:45:56,Reserved,Book,Student
560,2023-10-11 06:08:48,2023-12-20 17:04:38,2023-08-21 17:00:01,Approved,Book,Student
561,2023-08-11 22:42:52,2023-09-10 05:06:48,2023-12-29 07:01:00,Denied,Book,Student
562,2023-09-10 23:26:03,2023-12-02 10:42:29,2023-09-01 04:59:52,Approved,Boardgame,Student
563,2023-08-08 13:59:55,2023-08-21 22:18:39,2023-09-24 18:37:05,Completed,Book,Student
564,2023-10-01 06:13:02,2023-12-29 06:25:48,2023-11-11 16:38:26,Denied,Book,Student
565,2023-12-18 00:44:44,2023-11-06 18:38:22,2023-09-15 04:20:36,Approved,Boardgame,Staff
566,2023-10-27 14:58:14,2023-12-27 08:04:05,2023-11-26 16:37:18,Completed,Book,Student
567,2023-10-29 16:30:43,2023-10-11 13:05:57,2023-09-28 13:20:34,Approved,Book,Student
568,2024-01-05 18:02:08,2023-11-20 03:30:21,2023-11-27 08:20:10,Completed,Boardgame,Student
569,2023-09-25 18:48:03,2023-10-04 19:01:12,2024-01-26 19:47:07,Cancelled,Boardgame,Faculty
570,2023-12-02 06:51:16,2023-10-21 20:45:43,2023-10-23 17:39:10,Expired,Boardgame,Faculty
571,2023-10-26 04:37:50,2024-01-23 10:04:37,2024-01-31 17:05:31,Completed,Book,Faculty
572,2024-02-10 12:03:41,2024-02-01 13:17:18,2023-08-29 23:59:58,Completed,Book,Student
573,2023-11-01 10:31:23,2023-09-01 02:02:23,2024-02-17 09:48:14,Reserved,Boardgame,Faculty
574,2024-02-07 11:21:14,2023-10-23 01:06:55,2023-10-01 19:56:40,Approved,Book,Student
575,2023-09-09 19:04:11,2023-08-09 18:33:29,2023-12-18 00:14:53,Completed,Book,Student
576,2024-02-11 13:12:45,2023-11-22 06:04:56,2023-08-28 12:53:19,Expired,Boardgame,Student
577,2023-09-26 06:12:11,2024-02-14 16:17:08,2024-02-03 10:52:57,Pending Approval,Book,Staff
578,2023-12-18 12:52:23,2023-10-08 00:30:12,2023-11-25 01:59:07,Pending Approval,Book,Staff
579,2024-02-05 20:17:56,2023-08-22 09:18:23,2023-09-21 21:25:18,Expired,Book,Student
580,2023-08-13 05:54:29,2023-08-16 06:26:13,2023-12-26 10:24:16,Pending Approval,Boardgame,Student
581,2023-11-18 07:31:47,2024-01-10 22:04:23,2023-09-14 04:29:35,Expired,Book,Student
582,2023-08-12 21:52:41,2023-09-27 21:40:24,2024-02-02 20:15:15,Pending Approval,Book,Student
583,2023-09-23 13:08:58,2024-01-31 16:11:12,2023-11-06 06:58:18,Completed,Boardgame,Student
584,2023-10-17 08:05:15,2023-09-06 02:16:18,2023-08-08 15:16:27,Reserved,Book,Staff
585,2023-09-11 02:52:18,2023-08-23 12:46:05,2023-10-10 21:49:20,Pending Approval,Book,Student
586,2023-09-18 16:21:32,2023-10-20 16:02:03,2023-09-16 06:48:16,Completed,Book,Student
587,2023-09-28 13:59:06,2024-02-15 10:54:08,2023-10-10 01:02:31,Completed,Book,Student
588,2023-08-29 12:16:31,2023-11-16 13:55:17,2023-08-17 07:48:21,Pending Approval,Book,Faculty
589,2023-08-04 09:14:04,2024-01-25 03:08:01,2023-10-28 02:56:01,Reserved,Book,Student
590,2023-08-02 18:18:49,2024-02-12 20:22:22,2024-01-27 04:27:09,Denied,Book,Student
591,2023-12-02 19:28:29,2023-08-01 15:00:29,2023-11-27 12:56:20,Completed,Book,Student
592,2023-12-19 19:49:34,2024-01-23 16:07:00,2024-01-14 00:11:54,Completed,Book,Faculty
593,2024-02-05 09:00:26,2023-12-06 17:29:47,2023-11-07 11:39:03,Reserved,Book,Student
594,2024-01-16 07:32:29,2023-09-15 16:48:29,2023-09-08 10:33:44,Approved,Book,Student
595,2023-12-22 14:58:43,2023-08-25 21:01:44,2023-11-23 11:56:55,Pending Approval,Boardgame,Student
596,2023-11-06 05:51:51,2023-11-10 22:18:49,2023-12-31 21:29:51,Completed,Book,Student
597,2023-11-02 18:31:32,2023-10-23 08:36:44,2023-11-28 00:30:40,Approved,Book,Student
598,2024-01-09 14:07:27,2024-01-13 05:24:00,2023-08-01 22:56:41,Pending Approval,Boardgame,Student
599,2023-12-06 07:58:26,2023-12-23 23:29:48,2023-12-14 03:31:25,Pending Approval,Book,Faculty
600,2023-12-10 08:48:09,2023-12-16 12:04:41,2024-02-04 09:40:40,Expired,Book,Student
601,2024-02-14 03:28:21,2023-09-14 16:27:58,2023-08-23 01:12:22,Reserved,Book,Faculty
602,2024-01-05 03:29:57,2023-10-02 22:22:54,2023-08-22 14:25:45,Approved,Book,Student
603,2024-02-05 12:14:34,2024-01-25 16:49:41,2023-08-20 05:05:27,Approved,Book,Student
604,2023-12-26 00:45:56,2023-10-25 17:34:14,2024-02-11 05:37:14,Denied,Book,Student
605,2024-01-13 14:29:35,2023-08-05 18:04:05,2023-08-13 20:34:07,Pending Approval,Book,Student
606,2023-08-17 04:02:28,2023-11-22 21:48:48,2023-09-09 00:58:26,Completed,Book,Student
607,2023-11-07 10:46:07,2023-11-16 18:19:05,2023-12-13 10:31:10,Reserved,Book,Staff
608,2023-11-02 23:16:10,2023-09-17 17:19:33,2024-02-11 22:36:58,Reserved,Book,Student
609,2023-09-10 11:17:06,2023-11-22 18:25:16,2023-10-28 21:19:23,Completed,Book,Student
610,2023-11-25 02:29:01,2023-11-17 12:08:55,2023-10-23 10:05:20,Completed,Book,Student
611,2023-12-15 21:40:42,2023-11-01 11:55:07,2023-08-23 01:28:34,Reserved,Book,Student
612,2023-12-22 06:28:17,2023-10-21 03:46:36,2024-01-03 11:17:43,Approved,Boardgame,Student
613,2023-12-15 07:00:27,2023-09-03 21:56:47,2023-09-02 23:53:36,Completed,Boardgame,Faculty
614,2023-12-22 18:22:11,2023-09-23 21:31:49,2023-09-22 10:35:54,Approved,Book,Student
615,2023-08-02 07:00:25,2024-01-23 13:48:55,2023-10-01 17:09:45,Approved,Boardgame,Student
616,2024-01-04 10:45:17,2023-08-25 03:01:38,2023-12-08 15:42:48,Expired,Book,Student
617,2023-08-23 18:13:05,2024-02-01 05:14:00,2024-01-24 22:00:03,Completed,Boardgame,Student
618,2024-02-02 09:36:58,2023-12-23 03:46:51,2023-11-10 04:38:22,Approved,Book,Faculty
619,2024-02-06 13:06:38,2023-10-16 10:24:46,2023-08-21 18:34:47,Approved,Book,Student
620,2023-12-23 21:02:53,2024-01-16 23:08:57,2024-02-13 18:17:05,Approved,Book,Staff
621,2023-12-13 18:39:50,2023-10-30 00:35:05,2024-02-09 21:12:38,Completed,Book,Staff
622,2023-12-01 22:57:51,2023-09-16 13:12:56,2024-01-23 13:40:04,Denied,Book,Faculty
623,2023-10-07 04:26:27,2023-09-18 08:07:37,2023-09-09 02:37:34,Completed,Book,Student
624,2023-12-03 11:44:55,2024-02-07 02:57:45,2023-08-14 06:17:29,Pending Approval,Book,Faculty
625,2023-09-06 17:40:18,2023-08-03 22:25:35,2023-09-26 22:10:03,Cancelled,Boardgame,Staff
626,2023-12-26 18:58:13,2023-11-15 12:39:00,2023-10-06 03:20:22,Approved,Book,Student
627,2024-02-14 02:38:17,2024-01-10 20:28:33,2023-08-27 16:32:33,Reserved,Book,Faculty
628,2023-11-09 10:25:00,2023-11-25 14:55:10,2023-10-09 11:46:08,Completed,Book,Student
629,2023-11-04 10:54:47,2023-10-17 17:56:52,2024-02-05 16:10:33,Completed,Book,Faculty
630,2024-01-28 23:42:41,2023-11-23 02:19:39,2024-01-28 21:47:02,Reserved,Book,Student
631,2023-08-17 23:49:04,2023-08-23 12:10:44,2023-10-10 18:21:26,Reserved,Book,Student
632,2023-08-14 18:31:21,2023-11-09 17:34:06,2024-01-12 06:12:26,Pending Approval,Boardgame,Student
633,2024-01-31 04:47:41,2024-01-02 19:50:09,2023-11-19 15:26:44,Reserved,Book,Student
634,2023-11-14 17:54:01,2023-11-13 22:03:32,2023-10-19 13:14:00,Completed,Boardgame,Student
635,2023-09-06 21:38:57,2023-08-09 04:41:19,2024-01-04 14:36:41,Pending Approval,Boardgame,Student
636,2023-08-09 11:26:00,2024-01-06 19:01:57,2023-12-11 09:28:21,Reserved,Book,Faculty
637,2023-08-25 18:56:15,2023-11-07 03:36:26,2023-08-19 16:46:41,Approved,Book,Faculty
638,2023-11-12 18:03:56,2023-08-22 00:27:59,2023-10-14 00:47:50,Reserved,Book,Faculty
639,2023-08-30 17:42:40,2024-02-01 17:29:28,2023-12-17 02:51:28,Completed,Book,Faculty
640,2023-10-25 08:18:37,2023-09-24 05:49:41,2023-08-12 01:20:25,Pending Approval,Book,Student
641,2023-12-01 10:58:20,2023-09-05 17:12:21,2023-09-25 00:13:58,Reserved,Boardgame,Faculty
642,2023-08-08 12:38:52,2023-10-10 22:16:58,2023-09-25 11:26:58,Completed,Book,Student
643,2024-02-10 15:02:55,2023-11-06 20:41:50,2023-09-23 03:46:01,Approved,Book,Student
644,2024-01-08 16:33:58,2023-11-18 05:39:35,2023-09-21 09:22:32,Pending Approval,Boardgame,Student
645,2024-02-15 21:06:01,2023-09-29 07:04:02,2023-12-06 17:17:51,Expired,Book,Student
646,2023-09-16 18:37:16,2023-12-22 21:33:42,2024-01-08 09:55:41,Reserved,Book,Student
647,2024-01-13 14:47:53,2023-08-30 15:45:51,2023-12-10 15:47:08,Cancelled,Book,Student
648,2023-10-04 16:27:34,2023-08-13 23:58:48,2024-02-17 15:06:29,Pending Approval,Boardgame,Faculty
649,2023-09-01 12:59:03,2024-01-25 14:32:32,2024-01-13 10:39:06,Denied,Book,Student
650,2024-01-30 08:32:33,2024-01-21 16:39:55,2024-02-01 02:11:17,Expired,Boardgame,Student
651,2023-08-16 03:19:35,2023-12-13 20:32:24,2023-08-16 15:24:35,Approved,Book,Student
652,2023-09-29 09:50:44,2024-01-12 22:56:22,2023-11-12 06:18:34,Approved,Book,Faculty
653,2023-09-25 16:23:38,2023-11-19 15:19:32,2023-11-25 06:16:54,Cancelled,Book,Student
654,2023-11-30 18:25:49,2024-02-13 18:21:07,2024-01-06 14:54:32,Completed,Book,Faculty
655,2024-01-09 12:29:05,2024-01-05 15:59:03,2023-09-19 04:40:48,Denied,Book,Faculty
656,2024-02-01 21:27:35,2023-12-29 00:26:23,2024-01-21 04:32:41,Denied,Book,Student
657,2024-01-21 15:58:48,2023-10-05 23:28:14,2024-01-29 05:02:22,Approved,Book,Student
658,2024-01-29 19:54:32,2023-09-06 11:23:06,2023-09-15 17:37:02,Expired,Boardgame,Faculty
659,2024-01-25 18:44:21,2024-01-01 08:37:56,2023-12-15 02:12:34,Reserved,Book,Student
660,2023-12-12 21:13:51,2023-12-17 15:20:48,2023-08-13 13:13:54,Completed,Boardgame,Student
661,2023-11-03 17:31:32,2023-12-02 11:10:16,2023-12-09 15:33:04,Completed,Book,Student
662,2023-08-03 19:03:57,2023-11-26 07:38:17,2023-10-09 01:34:41,Expired,Book,Student
663,2023-11-01 15:20:39,2023-12-16 21:06:22,2023-08-09 07:19:31,Approved,Boardgame,Student
664,2023-08-29 20:23:11,2023-11-21 09:18:21,2024-01-05 23:21:14,Completed,Book,Student
665,2023-12-30 10:22:37,2024-01-16 07:20:20,2023-12-30 17:12:39,Denied,Book,Faculty
666,2023-09-30 03:33:37,2024-01-27 08:17:13,2023-10-04 18:02:18,Pending Approval,Book,Student
667,2024-02-04 03:29:45,2023-10-07 08:34:24,2024-01-31 06:50:12,Approved,Book,Faculty
668,2023-09-16 06:52:41,2023-09-17 20:24:54,2023-11-18 04:11:04,Approved,Book,Student
669,2024-02-01 07:27:03,2023-08-06 04:16:12,2023-08-11 19:40:43,Approved,Book,Student
670,2023-12-14 15:46:51,2023-09-11 07:32:54,2024-01-14 14:18:46,Approved,Book,Student
671,2023-10-26 21:58:54,2023-10-22 19:33:51,2023-12-06 01:15:20,Completed,Book,Staff
672,2023-12-19 19:14:53,2023-11-19 14:32:58,2024-01-10 11:17:54,Approved,Book,Staff
673,2023-12-22 01:18:45,2024-02-13 17:21:34,2024-01-07 12:53:55,Reserved,Book,Student
674,2023-12-01 10:39:11,2023-10-02 04:09:10,2023-08-09 05:30:43,Denied,Book,Student
675,2023-09-27 05:23:50,2023-10-02 21:07:58,2024-01-29 20:03:47,Expired,Book,Student
676,2024-02-01 06:44:03,2024-01-02 13:27:04,2024-02-17 21:30:27,Completed,Book,Faculty
677,2023-11-25 02:33:18,2023-09-06 10:37:25,2023-10-05 12:24:29,Reserved,Book,Staff
678,2024-02-16 19:51:32,2023-12-26 16:41:28,2023-12-09 15:04:41,Pending Approval,Book,Faculty
679,2024-02-03 03:19:47,2023-09-29 01:25:19,2024-01-28 01:39:40,Cancelled,Boardgame,Staff
680,2024-01-08 23:50:11,2023-08-16 16:46:30,2023-10-22 19:32:52,Completed,Book,Student
681,2023-09-06 03:54:47,2023-10-11 05:01:25,2023-09-18 23:05:20,Approved,Boardgame,Faculty
682,2023-09-29 14:11:13,2023-09-17 04:12:32,2023-09-18 13:34:12,Approved,Boardgame,Student
683,2023-12-23 11:24:18,2024-02-10 01:53:59,2023-10-09 06:38:41,Reserved,Book,Student
684,2023-12-08 03:06:47,2023-10-28 23:38:47,2023-12-19 08:35:53,Completed,Book,Student
685,2023-10-22 15:21:49,2023-08-15 00:17:04,2023-11-09 01:57:14,Pending Approval,Book,Student
686,2023-11-11 03:14:04,2024-02-09 12:24:31,2023-12-01 02:44:56,Expired,Book,Student
687,2023-11-25 12:22:09,2023-11-07 21:59:16,2023-08-27 01:03:55,Denied,Book,Student
688,2023-08-12 08:48:53,2023-10-29 17:29:56,2023-12-11 18:30:28,Approved,Book,Staff
689,2023-11-08 15:54:21,2023-12-05 18:02:40,2023-11-09 20:34:48,Expired,Book,Faculty
690,2024-02-06 08:37:41,2024-01-30 14:36:54,2023-12-18 06:49:21,Pending Approval,Book,Student
691,2024-01-19 23:06:25,2024-02-12 09:15:37,2023-10-13 16:31:54,Reserved,Book,Student
692,2024-01-20 06:48:24,2023-11-15 17:03:32,2023-10-10 08:13:44,Approved,Book,Student
693,2023-08-14 18:07:33,2023-09-24 09:23:03,2023-12-31 04:53:03,Reserved,Boardgame,Student
694,2024-01-31 09:32:32,2024-01-15 14:11:35,2023-08-19 12:37:31,Reserved,Book,Faculty
695,2023-08-17 09:13:49,2023-10-12 05:51:58,2023-11-12 19:31:02,Pending Approval,Book,Faculty
696,2023-09-30 22:26:12,2023-12-01 07:13:54,2023-10-17 21:30:16,Reserved,Book,Student
697,2023-12-26 12:51:38,2023-11-16 16:55:23,2023-09-08 05:15:20,Completed,Book,Staff
698,2023-10-23 14:15:17,2024-01-07 22:17:51,2023-11-10 15:32:29,Completed,Book,Student
699,2023-09-07 08:59:01,2024-01-14 14:15:17,2023-08-27 15:16:19,Pending Approval,Book,Student
700,2023-08-11 17:36:15,2023-08-23 13:59:05,2023-08-14 22:13:14,Completed,Boardgame,Faculty
701,2024-02-03 09:26:05,2023-12-20 14:19:11,2023-09-15 00:53:24,Completed,Book,Student
702,2024-02-17 11:08:38,2023-08-28 17:54:18,2023-08-28 02:43:39,Reserved,Book,Faculty
703,2023-12-09 16:17:54,2023-11-15 07:38:55,2023-10-22 17:39:58,Expired,Book,Student
704,2023-10-26 00:47:06,2023-11-22 22:17:34,2023-11-27 06:24:56,Pending Approval,Boardgame,Faculty
705,2024-02-05 08:15:46,2023-08-16 12:31:49,2024-02-12 17:03:36,Denied,Book,Student
706,2023-09-27 10:19:21,2024-01-10 22:14:27,2023-11-04 10:13:24,Denied,Boardgame,Student
707,2023-09-19 18:50:53,2024-01-02 01:32:03,2023-08-18 17:32:24,Approved,Book,Student
708,2023-12-16 20:10:00,2023-12-29 04:21:07,2023-09-23 17:08:45,Completed,Book,Student
709,2023-09-28 20:23:34,2023-12-21 05:08:37,2023-12-21 13:49:56,Pending Approval,Boardgame,Student
710,2023-11-22 03:37:48,2023-12-16 13:52:28,2023-12-07 09:19:57,Reserved,Book,Staff
711,2023-12-07 10:08:23,2024-01-09 03:37:20,2023-10-12 06:41:43,Pending Approval,Book,Student
712,2023-10-12 03:35:11,2023-11-19 05:28:10,2023-10-02 17:44:50,Approved,Book,Student
713,2023-11-15 18:12:53,2023-12-27 18:48:10,2024-01-23 04:06:58,Expired,Book,Student
714,2024-01-02 21:25:53,2023-08-07 15:23:12,2024-01-31 02:21:24,Reserved,Book,Faculty
715,2023-08-10 17:19:43,2024-01-05 19:39:33,2023-08-08 18:44:08,Cancelled,Book,Student
716,2023-10-10 01:31:09,2023-09-23 00:18:33,2023-12-08 11:56:28,Cancelled,Book,Faculty
717,2023-08-12 16:53:57,2023-12-26 05:56:47,2023-08-13 13:56:43,Expired,Book,Staff
718,2023-12-17 09:08:09,2023-08-28 05:48:20,2023-11-22 21:04:44,Completed,Book,Staff
719,2023-12-11 04:20:32,2023-11-01 15:52:50,2023-12-26 20:56:48,Completed,Book,Student
720,2023-10-26 11:19:40,2023-10-21 10:58:44,2023-08-12 10:39:52,Denied,Boardgame,Faculty
721,2023-08-30 00:08:26,2024-01-21 03:56:37,2023-12-11 15:48:07,Completed,Book,Student
722,2024-01-11 01:47:52,2023-11-14 13:45:09,2023-10-03 15:13:54,Pending Approval,Book,Student
723,2023-09-01 02:38:08,2023-11-26 11:48:34,2023-09-28 12:18:09,Expired,Book,Student
724,2024-01-27 05:22:26,2023-09-02 00:43:25,2024-01-02 04:26:44,Reserved,Book,Faculty
725,2023-11-02 05:51:45,2023-12-17 10:42:57,2023-08-05 00:07:43,Completed,Book,Student
726,2023-11-12 02:56:55,2023-10-13 02:05:24,2023-12-03 20:27:25,Approved,Book,Student
727,2023-11-07 16:47:17,2023-10-04 06:38:57,2024-01-29 21:51:42,Pending Approval,Book,Student
728,2023-08-09 13:28:32,2023-09-30 06:41:49,2024-02-12 17:03:23,Pending Approval,Book,Student
729,2024-01-04 18:22:58,2023-09-28 00:04:45,2023-08-29 15:44:30,Pending Approval,Book,Student
730,2024-01-29 04:49:00,2024-02-09 23:38:28,2023-08-06 03:54:21,Completed,Book,Student
731,2023-10-05 09:39:29,2023-10-14 17:18:38,2023-08-02 01:23:50,Cancelled,Book,Student
732,2023-11-01 11:29:21,2023-08-09 11:56:47,2024-01-27 14:08:01,Approved,Book,Student
733,2023-09-10 03:11:10,2023-08-23 07:18:21,2023-09-29 08:33:21,Expired,Boardgame,Student
734,2023-09-20 11:44:26,2023-09-05 15:01:44,2023-09-29 15:34:15,Pending Approval,Book,Faculty
735,2024-01-18 00:50:22,2023-10-26 02:21:56,2023-10-25 11:27:45,Reserved,Book,Faculty
736,2023-11-29 07:12:48,2023-12-31 11:16:31,2023-08-11 22:39:41,Expired,Boardgame,Student
737,2023-09-18 19:25:35,2023-12-26 12:42:20,2023-09-18 08:08:19,Approved,Book,Student
738,2023-08-22 08:15:31,2023-12-17 11:58:01,2023-10-01 21:21:40,Denied,Book,Student
739,2023-09-21 13:27:50,2023-10-15 19:43:40,2024-02-14 13:04:38,Completed,Book,Student
740,2023-12-09 04:46:49,2024-01-26 03:08:00,2023-11-29 15:49:36,Approved,Boardgame,Faculty
741,2024-01-25 21:03:35,2024-02-09 02:35:25,2023-09-03 10:26:52,Reserved,Book,Student
742,2023-09-08 10:50:43,2023-12-12 22:11:56,2023-09-11 10:26:04,Approved,Boardgame,Student
743,2023-08-20 11:05:56,2024-01-04 17:30:39,2023-10-28 11:11:38,Reserved,Book,Faculty
744,2023-08-09 05:15:11,2023-09-01 18:19:31,2023-08-29 23:38:18,Completed,Book,Student
745,2023-10-16 13:20:53,2023-08-17 03:51:54,2023-08-13 08:36:06,Completed,Book,Faculty
746,2024-01-04 18:09:13,2023-11-15 00:13:32,2023-09-03 07:47:32,Completed,Book,Student
747,2023-12-16 16:15:42,2024-01-15 11:44:13,2023-09-02 11:53:11,Completed,Book,Student
748,2023-11-24 10:47:12,2023-10-12 08:54:35,2023-08-09 05:37:41,Completed,Book,Student
749,2024-02-15 07:25:43,2023-10-12 09:37:24,2023-12-08 19:59:43,Approved,Book,Student
750,2024-01-22 07:11:26,2023-10-19 15:04:52,2023-11-25 02:05:42,Expired,Book,Student
751,2023-08-16 08:54:13,2023-11-02 12:18:44,2023-10-06 01:30:18,Pending Approval,Book,Student
752,2023-08-28 02:05:31,2023-10-24 10:07:07,2023-12-16 04:16:20,Completed,Book,Student
753,2024-02-11 14:00:08,2023-12-15 16:52:31,2023-10-01 06:15:03,Expired,Boardgame,Faculty
754,2023-10-11 07:02:20,2023-09-06 17:41:02,2023-08-03 17:44:37,Approved,Book,Student
755,2023-11-17 03:28:42,2024-01-13 21:13:33,2024-01-30 03:56:13,Denied,Book,Faculty
756,2024-01-12 11:28:14,2023-10-26 14:09:12,2023-12-08 14:03:36,Completed,Book,Student
757,2023-12-23 23:52:03,2023-12-13 07:44:09,2024-01-28 00:59:35,Completed,Book,Student
758,2024-01-21 14:10:33,2023-08-11 22:37:49,2023-12-25 19:31:55,Approved,Boardgame,Staff
759,2023-08-24 22:23:44,2023-10-15 19:47:10,2023-11-21 01:35:01,Pending Approval,Book,Student
760,2023-10-09 10:43:47,2024-01-02 06:35:36,2024-01-02 19:45:37,Approved,Book,Faculty
761,2024-01-16 08:23:45,2023-11-29 01:58:32,2023-08-22 07:57:57,Expired,Book,Student
762,2023-08-31 13:04:01,2024-01-10 20:43:08,2023-10-04 20:36:54,Completed,Book,Student
763,2024-01-18 06:48:46,2023-11-20 13:42:43,2023-12-20 14:48:10,Reserved,Boardgame,Student
764,2023-08-11 20:03:19,2023-08-27 11:25:58,2023-12-29 05:19:57,Expired,Book,Student
765,2023-08-27 20:01:05,2023-09-08 20:21:29,2023-11-22 01:57:29,Reserved,Book,Staff
766,2023-11-08 02:54:21,2024-01-14 12:40:46,2023-08-16 00:36:28,Completed,Book,Student
767,2024-02-01 06:57:43,2023-12-24 17:07:16,2023-11-16 08:28:50,Pending Approval,Boardgame,Faculty
768,2024-01-19 04:07:58,2023-08-22 20:28:47,2023-10-10 08:47:47,Cancelled,Book,Student
769,2023-09-20 22:08:29,2023-08-25 06:08:28,2023-09-01 02:17:18,Expired,Book,Student
770,2023-08-23 12:39:04,2023-09-22 20:09:53,2024-01-21 05:51:45,Completed,Book,Faculty
771,2024-02-08 23:21:51,2023-08-14 21:36:59,2023-09-24 08:26:08,Completed,Book,Student
772,2023-11-22 03:59:06,2023-12-03 09:52:20,2023-12-16 04:52:15,Expired,Book,Staff
773,2023-12-19 15:12:06,2023-12-30 10:53:07,2024-01-17 22:06:45,Pending Approval,Book,Student
774,2024-01-08 06:45:01,2023-10-29 09:40:04,2023-09-02 10:55:40,Expired,Book,Staff
775,2023-10-05 03:49:40,2023-12-18 16:00:16,2023-08-18 20:54:13,Pending Approval,Book,Faculty
776,2023-12-02 11:06:19,2023-09-15 21:29:53,2023-10-25 18:07:08,Pending Approval,Book,Student
777,2023-10-03 10:08:43,2023-08-23 09:33:35,2023-10-05 17:38:17,Reserved,Boardgame,Student
778,2023-09-02 23:08:55,2023-08-13 01:03:19,2023-09-04 11:09:20,Pending Approval,Book,Student
779,2024-02-04 03:40:08,2023-08-07 16:57:28,2024-01-11 21:54:18,Pending Approval,Boardgame,Student
780,2023-08-03 07:42:49,2024-01-13 02:01:10,2024-01-17 18:40:39,Completed,Book,Student
781,2023-10-29 17:42:28,2023-08-11 04:22:54,2023-08-04 05:33:30,Approved,Book,Faculty
782,2023-12-19 02:35:24,2023-11-09 22:47:45,2023-11-19 06:47:43,Expired,Book,Student
783,2023-08-17 01:54:35,2024-01-19 20:03:14,2023-12-09 12:13:44,Pending Approval,Book,Student
784,2024-02-05 22:12:32,2024-01-03 11:01:09,2023-12-13 15:33:38,Completed,Boardgame,Student
785,2023-08-26 19:48:05,2023-12-27 15:26:30,2023-08-16 00:15:26,Reserved,Book,Student
786,2023-12-05 06:04:42,2024-01-10 04:39:19,2023-09-15 20:43:13,Approved,Boardgame,Student
787,2024-01-13 11:32:08,2023-09-25 10:28:28,2023-08-02 08:26:38,Approved,Book,Student
788,2023-11-28 16:47:46,2023-11-23 05:40:06,2023-09-25 02:53:04,Completed,Book,Student
789,2024-01-27 17:48:02,2023-12-22 10:59:44,2024-01-06 15:19:26,Completed,Boardgame,Student
790,2023-12-22 04:42:52,2023-09-16 19:01:42,2024-02-10 18:12:07,Reserved,Book,Student
791,2023-09-12 02:21:24,2023-10-17 09:02:20,2023-10-10 08:30:11,Pending Approval,Book,Student
792,2023-09-01 05:05:14,2023-12-18 02:36:49,2023-12-09 19:51:41,Approved,Book,Staff
793,2023-11-27 02:36:41,2023-12-19 15:54:06,2024-02-04 01:17:31,Pending Approval,Book,Faculty
794,2024-02-11 15:20:12,2023-11-23 21:43:48,2023-11-21 12:28:14,Completed,Book,Student
795,2024-01-11 23:54:04,2024-02-13 17:21:29,2024-01-29 13:26:01,Reserved,Book,Student
796,2023-09-09 11:26:10,2023-12-02 19:36:49,2023-11-02 18:10:38,Completed,Book,Student
797,2023-08-22 02:00:36,2023-12-17 04:20:05,2023-11-26 11:32:16,Completed,Book,Student
798,2023-08-06 17:54:53,2023-08-06 02:17:46,2024-02-12 13:29:26,Denied,Book,Student
799,2024-01-18 21:34:29,2024-01-23 11:16:30,2024-01-28 15:17:38,Approved,Book,Student
800,2023-12-20 09:12:14,2024-02-05 02:25:19,2023-10-11 09:11:03,Reserved,Boardgame,Student
801,2023-10-14 04:41:58,2023-12-09 12:53:37,2024-01-15 08:22:53,Denied,Book,Staff
802,2024-01-25 04:22:22,2023-10-04 04:55:53,2023-10-26 01:52:46,Approved,Book,Student
803,2023-08-30 10:04:33,2023-08-28 23:30:30,2023-09-09 23:17:49,Completed,Book,Student
804,2024-02-16 14:05:59,2023-11-02 00:45:07,2023-10-04 12:55:20,Reserved,Boardgame,Staff
805,2023-08-08 06:08:06,2023-12-19 23:41:56,2023-11-19 17:06:55,Pending Approval,Book,Faculty
806,2024-02-05 03:46:39,2023-12-20 05:15:46,2024-01-22 15:12:32,Completed,Book,Student
807,2023-12-15 12:54:56,2024-01-26 09:55:07,2023-08-27 13:22:19,Completed,Book,Faculty
808,2023-11-28 09:28:59,2023-09-06 03:39:06,2024-01-09 17:59:18,Pending Approval,Book,Student
809,2023-10-25 10:27:13,2024-02-16 13:42:02,2023-08-22 15:12:33,Reserved,Book,Faculty
810,2023-09-16 09:35:42,2023-12-10 23:28:56,2023-10-15 16:25:21,Completed,Book,Student
811,2023-12-17 17:11:31,2023-08-22 10:33:53,2023-11-14 08:37:01,Pending Approval,Book,Student
812,2024-01-15 12:46:07,2023-10-02 09:31:31,2023-08-17 16:07:04,Expired,Book,Student
813,2023-12-11 00:41:29,2023-10-31 11:22:56,2024-01-24 17:53:08,Completed,Book,Student
814,2024-01-24 15:26:10,2024-02-13 05:49:35,2023-10-27 12:06:50,Expired,Boardgame,Student
815,2023-09-25 20:31:24,2023-10-31 06:24:55,2024-02-08 13:20:19,Completed,Boardgame,Student
816,2023-09-27 03:45:36,2023-08-15 17:02:46,2023-08-24 00:05:45,Approved,Boardgame,Student
817,2023-12-15 08:20:58,2024-02-07 17:23:39,2024-01-18 01:08:12,Denied,Book,Student
818,2023-12-08 23:27:59,2023-12-03 22:03:37,2024-01-30 18:16:37,Approved,Book,Student
819,2023-08-12 21:04:40,2023-09-24 09:09:14,2023-09-16 21:07:19,Expired,Boardgame,Faculty
820,2023-12-04 03:39:35,2024-02-08 23:19:23,2023-09-30 13:27:49,Completed,Book,Student
821,2023-09-28 06:56:32,2023-11-22 05:31:02,2023-10-19 19:09:20,Approved,Book,Student
822,2023-09-03 19:31:32,2024-01-29 13:01:46,2023-09-27 20:48:18,Pending Approval,Book,Student
823,2023-10-06 20:13:06,2023-11-05 05:34:50,2024-01-20 05:09:52,Approved,Boardgame,Student
824,2023-08-07 12:03:12,2023-08-15 06:51:17,2023-09-10 10:07:42,Reserved,Book,Student
825,2023-11-10 03:54:31,2024-02-10 08:03:51,2023-11-22 01:54:53,Approved,Book,Student
826,2023-10-06 00:30:21,2023-12-24 15:35:16,2023-10-25 09:42:58,Completed,Book,Student
827,2023-11-08 01:02:16,2024-02-15 20:49:13,2023-08-10 13:29:03,Approved,Book,Student
828,2024-01-16 06:13:43,2024-01-22 01:50:06,2023-10-18 09:46:21,Pending Approval,Boardgame,Staff
829,2023-12-18 00:58:56,2024-01-23 03:03:07,2023-11-28 04:27:20,Pending Approval,Boardgame,Student
830,2024-01-07 17:55:01,2023-10-27 17:41:31,2023-10-24 06:35:05,Completed,Book,Staff
831,2023-08-03 00:51:14,2023-09-11 19:51:14,2024-02-14 09:37:40,Expired,Book,Student
832,2023-08-01 16:39:34,2023-08-14 19:58:27,2023-09-02 11:49:23,Pending Approval,Book,Student
833,2023-10-28 06:09:19,2023-11-25 18:43:46,2023-10-01 11:17:45,Completed,Book,Student
834,2023-11-15 04:44:21,2024-02-03 10:25:37,2023-08-04 22:22:35,Completed,Book,Faculty
835,2024-01-26 17:04:40,2023-12-31 10:33:23,2023-09-13 06:00:47,Reserved,Boardgame,Student
836,2023-09-26 05:55:09,2024-01-12 16:17:32,2024-02-14 19:20:01,Completed,Book,Faculty
837,2024-01-04 21:48:05,2024-01-17 06:06:51,2023-08-10 15:04:43,Approved,Book,Student
838,2024-01-28 18:55:43,2023-08-20 04:16:55,2023-10-05 11:33:56,Approved,Book,Student
839,2023-10-19 05:08:20,2023-12-15 05:19:28,2023-08-13 12:58:28,Expired,Book,Student
840,2023-12-07 05:00:07,2023-09-13 20:50:57,2023-09-14 22:20:53,Approved,Book,Faculty
841,2023-09-18 10:41:30,2023-08-11 09:54:43,2023-08-26 09:16:52,Approved,Book,Student
842,2023-12-18 09:04:15,2023-10-29 10:54:13,2023-08-25 11:07:21,Approved,Book,Student
843,2024-01-15 23:52:47,2023-11-27 14:08:38,2023-12-19 01:18:06,Approved,Book,Staff
844,2023-09-28 23:21:17,2023-08-14 19:58:12,2023-08-09 02:42:24,Reserved,Book,Faculty
845,2023-10-12 01:16:33,2023-12-28 02:30:43,2024-01-25 11:30:12,Pending Approval,Book,Student
846,2023-09-04 05:29:48,2023-09-15 05:46:14,2023-10-08 01:08:08,Approved,Boardgame,Staff
847,2023-11-01 23:22:27,2024-01-11 20:49:26,2023-11-30 11:10:23,Approved,Book,Student
848,2023-09-20 16:19:26,2024-01-13 01:16:33,2024-02-09 12:13:26,Approved,Boardgame,Faculty
849,2024-01-04 03:43:34,2023-10-11 20:44:25,2023-09-17 12:08:09,Expired,Book,Student
850,2023-08-07 10:05:08,2023-09-19 22:11:36,2023-12-22 11:33:49,Approved,Book,Student
851,2023-10-27 23:01:24,2023-12-27 20:33:10,2023-09-17 05:03:10,Expired,Book,Student
852,2023-11-08 15:51:35,2023-12-14 21:29:45,2023-08-05 19:42:14,Reserved,Book,Student
853,2023-09-01 08:57:29,2023-12-08 05:06:14,2023-11-17 05:11:54,Reserved,Book,Student
854,2023-10-22 17:53:16,2023-10-09 03:44:46,2023-12-24 21:27:49,Completed,Boardgame,Faculty
855,2024-01-17 08:55:07,2024-01-06 18:26:18,2023-09-25 14:47:53,Completed,Boardgame,Faculty
856,2023-08-28 02:45:21,2023-10-13 18:05:34,2023-10-04 11:23:18,Completed,Book,Staff
857,2023-10-22 08:39:52,2024-01-05 01:29:46,2023-12-13 08:40:17,Reserved,Book,Student
858,2023-11-29 17:51:07,2024-02-10 18:10:58,2023-08-10 22:58:15,Reserved,Book,Student
859,2023-08-09 02:58:45,2023-12-11 00:41:44,2023-10-06 10:58:28,Cancelled,Book,Faculty
860,2024-01-02 08:41:16,2023-09-13 15:55:43,2023-10-27 03:44:22,Completed,Book,Student
861,2023-12-25 18:38:13,2023-12-29 01:15:36,2023-11-29 21:15:21,Pending Approval,Book,Student
862,2023-11-13 03:57:19,2023-12-15 18:08:36,2023-12-26 23:51:30,Pending Approval,Book,Student
863,2023-10-24 12:10:23,2023-12-05 21:21:38,2023-11-27 21:28:55,Completed,Book,Student
864,2024-01-01 12:21:30,2024-01-31 06:06:48,2023-10-27 02:29:43,Pending Approval,Book,Faculty
865,2023-10-13 22:06:35,2023-11-17 17:44:52,2023-12-17 19:53:30,Completed,Book,Student
866,2023-12-19 22:00:58,2023-08-28 15:42:45,2023-11-11 09:34:57,Approved,Book,Student
867,2023-09-18 20:57:04,2023-12-01 07:54:14,2023-11-22 01:31:38,Approved,Book,Student
868,2023-08-25 22:12:54,2023-12-07 19:57:37,2023-10-20 05:44:57,Approved,Book,Staff
869,2023-11-29 12:08:48,2023-08-28 05:08:45,2024-01-31 02:12:04,Approved,Book,Student
870,2023-08-05 19:14:24,2024-01-08 12:00:35,2023-08-29 04:14:58,Approved,Book,Faculty
871,2023-12-22 13:56:07,2023-08-02 14:58:21,2023-11-29 22:42:38,Completed,Book,Student
872,2024-01-03 23:59:46,2023-11-19 14:16:11,2023-10-24 02:14:31,Denied,Book,Faculty
873,2023-12-19 09:08:05,2023-11-19 14:49:27,2023-12-14 22:25:16,Approved,Boardgame,Student
874,2023-09-26 19:53:09,2023-12-10 20:06:23,2023-10-09 16:25:29,Completed,Boardgame,Faculty
875,2023-10-09 23:01:06,2023-12-06 20:49:38,2023-08-03 13:08:38,Pending Approval,Book,Faculty
876,2023-11-14 08:47:21,2023-09-13 02:26:17,2023-09-08 10:24:22,Approved,Book,Staff
877,2023-09-26 23:55:41,2024-01-18 18:46:45,2023-09-16 06:51:13,Approved,Book,Student
878,2024-02-08 08:26:00,2023-10-23 10:51:03,2023-09-07 06:45:20,Completed,Book,Student
879,2024-01-12 11:00:27,2023-09-17 05:32:05,2023-10-06 10:05:04,Reserved,Boardgame,Student
880,2023-08-28 12:33:54,2023-08-29 22:30:13,2023-10-31 16:17:52,Pending Approval,Boardgame,Student
881,2024-02-03 21:41:02,2024-02-05 12:56:44,2023-08-27 08:35:33,Expired,Boardgame,Student
882,2023-08-01 11:24:08,2024-02-06 10:54:30,2023-10-23 12:34:02,Pending Approval,Book,Student
883,2023-09-27 21:31:59,2023-11-16 19:21:05,2023-08-29 21:09:09,Approved,Book,Student
884,2023-08-03 23:47:04,2023-08-29 11:09:19,2023-08-28 10:37:00,Approved,Boardgame,Staff
885,2023-10-10 14:27:48,2023-11-23 00:01:14,2023-11-11 02:41:41,Reserved,Book,Student
886,2023-09-01 14:11:21,2023-09-24 09:49:56,2023-11-24 09:04:50,Expired,Book,Faculty
887,2023-10-21 13:42:55,2024-02-16 02:40:00,2023-12-10 19:53:33,Approved,Book,Student
888,2024-01-19 17:34:08,2023-09-23 06:19:58,2023-12-11 07:16:57,Approved,Boardgame,Faculty
889,2023-08-29 09:50:44,2023-10-10 13:53:04,2023-10-12 01:50:08,Completed,Book,Staff
890,2023-08-29 07:45:44,2023-12-21 06:33:07,2023-11-22 08:42:59,Denied,Book,Student
891,2023-12-03 19:51:42,2023-08-09 14:59:51,2023-09-25 14:16:40,Denied,Boardgame,Student
892,2023-09-09 21:32:58,2023-12-21 14:30:52,2023-11-28 02:17:42,Pending Approval,Book,Staff
893,2023-08-12 16:16:34,2023-10-11 07:45:29,2023-10-23 05:35:22,Approved,Book,Faculty
894,2024-01-03 12:44:00,2023-09-02 16:09:22,2023-10-21 23:26:55,Cancelled,Boardgame,Student
895,2023-10-24 05:00:39,2023-11-24 17:00:22,2023-08-19 21:08:00,Completed,Book,Staff
896,2023-11-14 16:19:05,2024-01-05 23:54:55,2023-12-24 20:06:31,Pending Approval,Book,Faculty
897,2023-11-23 17:54:28,2023-09-03 12:36:26,2023-12-01 14:38:16,Denied,Book,Student
898,2024-02-14 06:05:51,2023-09-19 11:33:04,2023-08-10 03:57:20,Pending Approval,Boardgame,Faculty
899,2023-09-26 00:18:45,2024-02-05 11:22:49,2024-02-05 10:11:42,Completed,Book,Student
900,2024-02-01 16:35:19,2023-09-21 09:13:55,2023-12-05 18:49:17,Completed,Book,Student
901,2023-10-15 21:19:08,2023-11-11 13:11:11,2023-08-26 14:52:56,Approved,Book,Student
902,2023-09-15 10:03:46,2023-08-25 12:33:06,2023-09-18 07:14:57,Reserved,Book,Faculty
903,2023-09-29 00:35:38,2023-11-24 15:42:13,2023-12-10 23:50:07,Expired,Book,Student
904,2023-08-27 13:40:44,2023-12-23 11:53:25,2023-12-27 12:35:23,Cancelled,Book,Student
905,2023-08-19 20:18:01,2023-10-01 16:08:25,2023-09-23 23:55:11,Reserved,Boardgame,Student
906,2023-11-30 22:50:22,2023-09-07 01:54:10,2023-10-22 08:39:32,Expired,Book,Student
907,2023-11-03 18:20:47,2024-01-23 08:36:21,2024-02-05 20:38:32,Approved,Book,Student
908,2023-11-23 11:51:48,2023-10-26 17:12:19,2023-10-02 02:11:00,Completed,Book,Student
909,2023-11-22 15:20:51,2023-11-28 22:24:27,2023-08-06 06:24:34,Approved,Book,Student
910,2024-02-10 15:45:08,2023-08-16 16:50:49,2023-08-24 10:49:51,Completed,Book,Student
911,2024-02-17 16:39:36,2024-02-03 04:53:31,2023-09-12 01:14:19,Completed,Boardgame,Faculty
912,2023-09-25 09:22:53,2023-10-09 16:44:51,2023-10-22 15:58:16,Pending Approval,Book,Student
913,2023-12-02 12:04:59,2024-01-27 08:22:09,2023-12-22 06:52:53,Approved,Book,Faculty
914,2023-08-31 08:43:44,2023-11-04 02:20:02,2024-01-06 03:01:36,Approved,Book,Student
915,2023-10-18 19:58:31,2023-09-05 06:14:47,2023-11-10 07:17:42,Completed,Book,Faculty
916,2023-12-02 23:55:36,2023-10-03 09:03:44,2023-10-23 18:07:42,Completed,Book,Staff
917,2023-11-20 07:40:00,2023-12-28 01:07:40,2024-02-15 21:38:06,Completed,Boardgame,Faculty
918,2023-12-27 03:43:28,2023-10-12 10:11:58,2023-10-10 21:06:51,Completed,Boardgame,Faculty
919,2024-01-14 06:19:04,2024-01-06 20:28:01,2023-12-04 21:49:10,Completed,Book,Staff
920,2023-11-20 07:00:24,2024-02-02 02:51:50,2024-01-02 21:26:00,Pending Approval,Book,Staff
921,2024-01-25 20:03:11,2023-10-11 18:05:14,2023-12-12 08:25:27,Pending Approval,Book,Faculty
922,2023-11-13 15:12:59,2023-08-06 18:21:02,2024-01-29 06:59:00,Denied,Boardgame,Student
923,2023-10-22 09:33:17,2023-08-25 14:33:45,2023-12-17 22:21:21,Reserved,Book,Faculty
924,2023-08-31 02:13:32,2023-12-23 04:22:55,2024-01-03 10:05:12,Denied,Book,Student
925,2024-01-16 18:04:58,2023-08-30 23:59:56,2023-08-01 18:38:43,Approved,Boardgame,Student
926,2023-09-09 08:46:48,2023-12-25 19:44:59,2023-12-02 23:43:01,Cancelled,Book,Staff
927,2023-11-24 12:02:20,2023-11-24 15:54:48,2024-01-16 17:28:54,Approved,Boardgame,Student
928,2024-01-23 01:07:11,2023-09-02 23:24:08,2023-12-07 23:50:44,Completed,Book,Faculty
929,2023-08-04 08:44:22,2023-11-01 20:58:52,2023-10-10 05:50:31,Reserved,Book,Faculty
930,2023-12-04 11:13:56,2023-11-12 07:54:24,2023-08-25 02:57:16,Approved,Book,Student
931,2023-11-13 23:49:38,2024-01-10 04:53:42,2023-10-28 10:03:49,Completed,Boardgame,Student
932,2023-11-30 11:05:15,2023-12-15 00:24:10,2024-02-13 19:30:29,Reserved,Book,Faculty
933,2023-08-20 16:21:54,2024-01-26 01:39:05,2024-01-05 19:51:32,Approved,Book,Faculty
934,2024-01-27 01:49:45,2024-01-16 04:28:46,2024-01-19 22:51:23,Expired,Boardgame,Student
935,2023-09-25 05:43:56,2023-09-21 10:30:20,2023-10-07 17:30:10,Reserved,Book,Student
936,2024-01-11 18:38:09,2023-08-05 04:16:28,2023-11-15 14:21:23,Pending Approval,Book,Staff
937,2024-01-13 04:00:59,2023-09-24 15:50:05,2023-09-03 10:53:12,Approved,Book,Student
938,2023-12-07 10:37:08,2023-11-13 01:26:05,2023-12-23 14:22:11,Pending Approval,Book,Student
939,2023-12-22 19:03:33,2023-10-09 23:22:28,2023-11-13 19:51:45,Approved,Book,Student
940,2023-09-22 10:21:00,2023-10-20 14:17:03,2023-11-21 21:52:05,Expired,Book,Student
941,2024-01-04 19:57:49,2023-12-08 11:54:44,2023-09-02 10:59:03,Approved,Book,Student
942,2024-01-26 19:38:20,2024-01-10 04:55:10,2023-10-11 02:12:46,Approved,Boardgame,Faculty
943,2024-01-15 23:26:38,2023-09-09 05:50:41,2024-01-04 07:36:49,Pending Approval,Book,Staff
944,2023-10-15 16:07:35,2023-10-22 09:54:40,2023-11-19 14:41:58,Completed,Book,Faculty
945,2023-10-17 23:12:04,2023-11-25 19:08:46,2023-12-27 21:42:28,Denied,Boardgame,Student
946,2023-09-03 09:36:28,2023-12-31 13:14:00,2024-01-01 01:47:30,Pending Approval,Book,Student
947,2023-09-18 20:36:13,2023-10-29 13:07:25,2023-11-08 14:28:51,Approved,Boardgame,Student
948,2023-08-20 13:55:27,2023-11-28 06:03:55,2023-10-16 20:32:09,Reserved,Book,Student
949,2023-08-23 06:12:30,2023-12-14 16:07:27,2024-01-03 08:57:34,Completed,Book,Student
950,2023-11-24 04:47:07,2024-01-14 09:46:51,2023-08-18 23:49:40,Expired,Book,Staff
951,2023-12-29 02:39:59,2023-08-06 15:22:42,2023-10-13 09:48:16,Cancelled,Book,Faculty
952,2023-08-04 11:09:30,2023-12-01 18:12:10,2023-11-29 02:27:23,Approved,Boardgame,Student
953,2023-12-26 09:23:13,2023-10-23 08:42:23,2023-08-31 17:07:19,Reserved,Book,Student
954,2024-01-17 13:28:22,2023-10-13 00:45:25,2023-09-21 03:51:01,Pending Approval,Boardgame,Student
955,2024-01-18 22:07:16,2024-01-16 21:52:27,2023-08-05 12:41:14,Completed,Book,Faculty
956,2023-12-27 19:55:53,2023-08-01 07:52:41,2023-11-25 09:17:41,Approved,Book,Student
957,2023-10-10 10:31:04,2023-10-21 10:18:05,2024-02-03 17:24:48,Approved,Book,Student
958,2024-01-10 12:44:46,2024-01-26 11:35:45,2023-10-25 10:40:49,Expired,Book,Student
959,2023-12-01 10:31:27,2023-12-24 16:29:44,2023-09-17 18:32:55,Approved,Boardgame,Student
960,2023-08-08 06:56:09,2024-01-04 03:01:36,2023-09-15 21:16:05,Approved,Book,Student
961,2023-10-27 22:16:51,2024-01-30 11:17:07,2023-10-11 00:43:04,Completed,Boardgame,Student
962,2023-11-15 10:55:22,2023-09-04 00:56:19,2023-09-02 12:54:53,Cancelled,Boardgame,Student
963,2023-12-03 13:03:38,2023-11-16 07:57:55,2023-08-30 12:34:03,Completed,Book,Student
964,2023-10-18 17:06:57,2023-08-10 22:55:59,2023-08-13 23:40:44,Denied,Boardgame,Student
965,2023-12-22 13:32:33,2024-01-24 20:20:14,2023-12-19 23:45:31,Approved,Book,Staff
966,2023-12-31 08:54:24,2024-02-16 15:49:50,2023-12-28 11:02:50,Approved,Book,Staff
967,2023-11-05 05:59:32,2024-01-12 16:30:23,2023-09-20 02:38:06,Reserved,Book,Student
968,2023-10-31 00:05:52,2023-10-11 15:54:50,2023-09-28 01:56:55,Completed,Book,Staff
969,2023-12-19 00:46:30,2023-11-05 23:51:40,2024-01-16 18:14:22,Reserved,Book,Student
970,2023-08-30 11:44:28,2024-01-27 06:50:08,2023-10-10 07:51:33,Pending Approval,Book,Student
971,2023-09-13 16:12:01,2024-01-21 02:52:23,2023-11-30 10:05:13,Reserved,Book,Student
972,2023-10-06 05:08:38,2023-09-28 04:20:14,2023-12-11 23:18:36,Expired,Book,Student
973,2023-11-19 12:18:55,2023-09-15 01:12:53,2023-11-08 09:09:34,Denied,Book,Student
974,2023-10-31 00:27:24,2023-09-26 21:56:51,2023-10-24 08:53:33,Completed,Book,Student
975,2023-12-10 03:43:12,2023-11-29 18:42:29,2023-09-09 22:20:58,Completed,Book,Student
976,2023-09-27 10:10:34,2023-10-18 21:14:24,2023-10-28 18:07:59,Expired,Book,Student
977,2024-02-14 19:24:59,2023-09-05 02:03:34,2024-02-05 15:45:53,Approved,Book,Student
978,2024-02-16 21:54:19,2024-01-14 14:06:22,2024-02-17 01:11:05,Approved,Book,Student
979,2024-01-03 01:30:23,2024-01-09 17:26:21,2023-12-31 07:35:13,Approved,Book,Faculty
980,2023-09-10 11:32:59,2023-11-01 01:43:19,2024-02-16 04:31:24,Approved,Book,Student
981,2023-12-21 09:22:19,2023-08-11 06:03:05,2024-02-15 13:36:36,Approved,Boardgame,Student
982,2023-09-17 09:39:38,2023-11-16 10:07:15,2024-02-08 09:35:27,Approved,Book,Student
983,2023-11-08 20:05:56,2023-10-15 11:31:39,2023-11-07 03:48:27,Reserved,Book,Staff
984,2023-12-17 19:11:12,2023-08-18 02:54:18,2024-02-10 22:17:44,Cancelled,Book,Student
985,2024-01-03 06:15:57,2023-12-13 23:36:15,2023-08-30 17:53:18,Reserved,Book,Student
986,2023-10-22 23:38:26,2023-12-11 16:33:04,2023-09-18 11:55:30,Reserved,Book,Faculty
987,2023-12-17 09:03:51,2024-01-31 13:59:07,2023-10-01 16:08:54,Completed,Book,Student
988,2024-01-12 10:13:43,2024-02-14 22:27:14,2023-09-28 07:00:51,Reserved,Boardgame,Faculty
989,2024-02-10 16:03:49,2024-02-02 08:53:12,2023-12-14 10:04:36,Pending Approval,Book,Student
990,2023-10-29 23:25:38,2024-01-18 20:52:11,2023-12-01 07:33:33,Approved,Boardgame,Student
991,2023-12-20 04:53:17,2023-09-16 11:20:04,2023-09-01 21:58:06,Pending Approval,Book,Faculty
992,2023-10-10 01:50:22,2023-10-17 14:08:37,2023-08-30 14:58:58,Cancelled,Book,Student
993,2023-09-15 14:32:35,2023-08-28 07:18:08,2023-08-24 12:02:41,Reserved,Book,Student
994,2023-08-22 09:44:43,2023-11-17 11:51:03,2023-09-03 10:08:45,Reserved,Book,Staff
995,2023-12-22 16:42:38,2023-11-26 11:01:59,2024-02-14 04:15:40,Cancelled,Book,Student
996,2023-08-16 00:44:44,2023-09-21 01:16:15,2023-11-11 01:30:05,Completed,Book,Staff
997,2023-08-08 20:21:10,2024-01-14 08:47:23,2023-09-02 22:57:06,Denied,Boardgame,Student
998,2023-08-16 20:47:13,2023-12-20 13:50:11,2023-12-26 23:06:45,Expired,Book,Student
999,2023-08-05 11:45:16,2023-11-25 07:16:35,2023-12-30 01:26:28,Expired,Book,Student
1000,2023-09-20 23:15:00,2024-01-23 23:02:10,2023-08-28 16:56:32,Pending Approval,Book,Student
